date_doc,total_ca,total_qte,buyers,active_clients,jour_semaine
2025-01-02,2479.6490000000003,99.0,16,860,4
2025-01-03,4553.01,422.0,27,860,5
2025-01-04,2985.792,148.0,34,860,6
2025-01-05,4855.168,379.0,36,860,0
2025-01-06,4064.7670000000003,312.0,34,860,1
2025-01-07,4780.99,464.0,33,860,2
2025-01-08,2052.185,144.0,8,860,3
2025-01-09,1858.445,208.0,23,860,4
2025-01-10,3941.58,577.0,47,860,5
2025-01-11,5120.968,765.0,48,860,6
2025-01-12,4233.208,484.0,37,860,0
2025-01-13,3628.471,526.0,27,860,1
2025-01-14,6836.303,802.0,53,860,2
2025-01-15,750.0,35.0,1,860,3
2025-01-16,3121.141,402.0,20,860,4
2025-01-17,4357.25,502.0,42,860,5
2025-01-18,4632.6720000000005,723.0,45,860,6
2025-01-19,4616.731,844.0,51,860,0
2025-01-20,2212.355,281.0,24,860,1
2025-01-21,1233.716,275.0,16,860,2
2025-01-22,1064.584,167.0,14,860,3
2025-01-23,2614.421,268.0,21,860,4
2025-01-24,5066.503,578.0,42,860,5
2025-01-25,4709.808,552.0,45,860,6
2025-01-26,3028.794,524.0,25,860,0
2025-01-27,2781.948,323.0,23,860,1
2025-01-28,4554.067,621.0,32,860,2
2025-01-29,1148.312,234.0,14,860,3
2025-01-30,1827.5430000000001,221.0,19,860,4
2025-01-31,5588.378,631.0,50,860,5
2025-02-01,3771.077,424.0,28,860,6
2025-02-02,2477.201,666.0,26,860,0
2025-02-03,3025.071,158.0,20,860,1
2025-02-04,4263.624,648.0,43,860,2
2025-02-05,400.96500000000003,94.0,6,860,3
2025-02-06,2415.2309999999998,263.0,34,860,4
2025-02-07,4159.876,749.0,41,860,5
2025-02-08,3914.693,550.0,39,860,6
2025-02-09,4485.077,619.0,46,860,0
2025-02-10,3324.116,120.0,23,860,1
2025-02-11,5718.866,594.0,45,860,2
2025-02-12,1533.987,253.0,12,860,3
2025-02-13,4235.521,469.0,29,860,4
2025-02-14,5161.153,709.0,49,860,5
2025-02-15,6941.727,856.0,59,860,6
2025-02-16,7154.156,1109.0,48,860,0
2025-02-17,4613.784,403.0,24,860,1
2025-02-18,3494.544,512.0,29,860,2
2025-02-19,1457.7469999999998,44.0,12,860,3
2025-02-20,3821.817,365.0,21,860,4
2025-02-21,5998.035,693.0,42,860,5
2025-02-22,3290.689,504.0,36,860,6
2025-02-23,3617.2799999999997,582.0,24,860,0
2025-02-24,2688.543,393.0,32,860,1
2025-02-25,5363.115,430.0,39,860,2
2025-02-26,799.4300000000001,157.0,6,860,3
2025-02-27,2629.075,433.0,25,860,4
2025-02-28,4899.4259999999995,808.0,39,860,5
2025-03-01,3804.958,420.0,35,860,6
2025-03-02,4730.086,735.0,35,860,0
2025-03-03,5852.356,723.0,28,860,1
2025-03-04,1664.874,278.0,15,860,2
2025-03-05,980.213,55.0,2,860,3
2025-03-06,4164.676,331.0,26,860,4
2025-03-07,4382.023999999999,597.0,45,860,5
2025-03-08,6357.357,790.0,42,860,6
2025-03-09,8923.747,895.0,38,860,0
2025-03-10,8899.89,480.0,33,860,1
2025-03-11,6694.951,527.0,30,860,2
2025-03-12,2455.011,176.0,8,860,3
2025-03-13,1616.705,185.0,13,860,4
2025-03-14,3396.525,286.0,24,860,5
2025-03-15,2822.332,138.0,18,860,6
2025-03-16,3681.412,229.0,15,860,0
2025-03-17,1199.0569999999998,65.0,12,860,1
2025-03-18,3710.419,350.0,30,860,2
2025-03-19,1037.714,269.0,20,860,3
2025-03-20,68.785,25.0,1,860,4
2025-03-21,2335.7799999999997,294.0,33,860,5
2025-03-22,2424.774,476.0,32,860,6
2025-03-23,2647.486,183.0,17,860,0
2025-03-24,1571.191,139.0,17,860,1
2025-03-25,687.328,101.0,16,860,2
2025-03-26,2071.2309999999998,229.0,22,860,3
2025-03-28,1990.893,176.0,21,860,5
2025-03-29,1740.272,160.0,21,860,6
2025-03-30,1584.74,136.0,7,860,0
2025-03-31,955.144,104.0,25,860,1
2025-04-01,11.901,2.0,1,860,2
2025-04-02,805.476,58.0,19,860,3
2025-04-04,800.043,101.0,21,860,5
2025-04-05,1659.01,128.0,20,860,6
2025-04-06,862.655,66.0,16,860,0
2025-04-07,308.076,64.0,8,860,1
2025-04-08,844.406,130.0,18,860,2
2025-04-09,1420.831,204.0,19,860,3
2025-04-11,1481.025,178.0,28,860,5
2025-04-12,2418.433,131.0,20,860,6
2025-04-13,1240.701,96.0,14,860,0
2025-04-14,700.22,47.0,11,860,1
2025-04-15,334.817,114.0,7,860,2
2025-04-16,1577.594,160.0,15,860,3
2025-04-17,1608.6109999999999,72.0,4,860,4
2025-04-18,1043.0819999999999,163.0,23,860,5
2025-04-19,1526.6770000000001,186.0,20,860,6
2025-04-20,1203.394,226.0,13,860,0
2025-04-21,854.862,117.0,11,860,1
2025-04-22,1556.092,281.0,16,860,2
2025-04-23,1111.867,366.0,25,860,3
2025-04-25,844.351,290.0,26,860,5
2025-04-26,1319.405,469.0,23,860,6
2025-04-27,959.209,433.0,19,860,0
2025-04-28,1741.503,611.0,24,860,1
2025-04-29,1151.625,320.0,14,860,2
2025-04-30,1868.06,404.0,20,860,3
2025-05-01,25.247,12.0,1,860,4
2025-05-04,1190.036,332.0,23,860,0
2025-05-05,1688.739,477.0,27,860,1
2025-05-06,553.071,242.0,15,860,2
2025-05-07,1941.414,254.0,33,860,3
2025-05-09,2893.144,354.0,30,860,5
2025-05-10,2183.779,231.0,21,860,6
2025-05-11,1712.871,182.0,14,860,0
2025-05-12,1970.4499999999998,156.0,16,860,1
2025-05-13,991.627,193.0,22,860,2
2025-05-14,2489.04,223.0,28,860,3
2025-05-16,1762.94,262.0,35,860,5
2025-05-17,2421.386,238.0,34,860,6
2025-05-18,1713.273,130.0,29,860,0
2025-05-19,1091.745,167.0,22,860,1
2025-05-20,648.18,154.0,18,860,2
2025-05-21,1276.924,101.0,33,860,3
2025-05-23,1007.0649999999999,104.0,21,860,5
2025-05-24,2835.465,724.0,39,860,6
2025-05-25,786.985,461.0,22,860,0
2025-05-26,1189.044,395.0,36,860,1
2025-05-27,1777.151,443.0,25,860,2
2025-05-28,1806.2160000000001,263.0,20,860,3
2025-05-29,51.14,20.0,1,860,4
2025-05-30,1812.067,478.0,37,860,5
2025-05-31,1583.865,682.0,36,860,6
2025-06-01,1608.315,257.0,28,860,0
2025-06-02,1106.736,233.0,13,860,1
2025-06-03,1265.997,130.0,14,860,2
2025-06-04,2229.869,402.0,28,860,3
2025-06-05,964.311,38.0,4,860,4
2025-06-06,2422.666,282.0,34,860,5
2025-06-07,1500.434,294.0,21,860,6
2025-06-08,1964.512,438.0,40,860,0
2025-06-09,3119.28,576.0,37,860,1
2025-06-10,1939.022,197.0,28,860,2
2025-06-11,2851.85,287.0,41,860,3
2025-06-13,938.663,46.0,19,860,5
2025-06-14,1079.629,122.0,18,860,6
2025-06-15,2136.542,330.0,38,860,0
2025-06-16,1317.4080000000001,236.0,21,860,1
2025-06-17,2079.358,350.0,21,860,2
2025-06-18,2908.825,631.0,44,860,3
2025-06-19,65.114,6.0,1,860,4
2025-06-20,1190.957,391.0,29,860,5
2025-06-21,2998.705,726.0,34,860,6
2025-06-22,2599.266,604.0,31,860,0
2025-06-23,1997.759,378.0,23,860,1
2025-06-24,1147.533,326.0,12,860,2
2025-06-25,1524.3899999999999,591.0,27,860,3
2025-06-27,3099.674,507.0,25,860,5
2025-06-28,1909.579,475.0,27,860,6
2025-06-29,1142.793,307.0,23,860,0
2025-06-30,1381.76,340.0,35,860,1
2025-07-01,540.7330000000001,666.0,21,860,2
2025-07-03,225.016,88.0,1,860,4
2025-07-04,1079.7649999999999,436.0,23,860,5
2025-07-05,2865.552,818.0,30,860,6
2025-07-06,1254.839,562.0,20,860,0
2025-07-07,831.632,193.0,15,860,1
2025-07-08,400.806,115.0,7,860,2
2025-07-11,1577.886,340.0,20,860,5
2025-07-12,1634.018,451.0,19,860,6
2025-07-13,1593.91,514.0,23,860,0
2025-07-14,2154.057,198.0,17,860,1
2025-07-15,1367.159,447.0,21,860,2
2025-07-16,1072.731,234.0,15,860,3
2025-07-18,2271.56,975.0,39,860,5
2025-07-19,2721.908,954.0,35,860,6
2025-07-20,5818.202,969.0,39,860,0
2025-07-21,1276.912,481.0,17,860,1
2025-07-22,1295.44,508.0,23,860,2
2025-07-23,1575.009,332.0,21,860,3
2025-07-25,406.257,49.0,7,860,5
2025-07-26,3798.6,472.0,27,860,6
2025-07-27,2710.531,536.0,22,860,0
2025-07-28,2016.326,352.0,18,860,1
2025-07-29,3348.933,566.0,23,860,2
2025-07-30,340.634,99.0,6,860,3
2025-08-01,1696.287,480.0,18,860,5
2025-08-02,3158.529,361.0,14,860,6
2025-08-03,944.71,405.0,14,860,0
2025-08-04,3199.73,458.0,18,860,1
2025-08-05,657.422,138.0,9,860,2
2025-08-06,1969.775,144.0,9,860,3
2025-08-07,25.57,10.0,1,860,4
2025-08-09,778.591,220.0,18,860,6
2025-08-10,2167.1059999999998,142.0,9,860,0
2025-08-11,975.4060000000001,147.0,8,860,1
2025-08-12,2515.2599999999998,671.0,29,860,2
2025-08-13,1498.44,246.0,16,860,3
2025-08-15,936.973,107.0,13,860,5
2025-08-16,1897.8600000000001,409.0,14,860,6
2025-08-17,2155.798,295.0,18,860,0
2025-08-18,439.496,49.0,8,860,1
2025-08-19,2021.528,289.0,10,860,2
2025-08-20,1872.256,302.0,26,860,3
2025-08-21,1084.815,35.0,3,860,4
2025-08-22,4505.514,715.0,21,860,5
2025-08-23,1497.501,229.0,13,860,6
2025-08-24,1951.168,133.0,15,860,0
2025-08-25,2037.1080000000002,79.0,18,860,1
2025-08-26,2006.583,202.0,20,860,2
2025-08-27,781.02,49.0,10,860,3
2025-08-28,343.726,68.0,3,860,4
2025-08-29,1725.529,375.0,22,860,5
2025-08-30,3885.813,212.0,24,860,6
2025-08-31,3878.422,362.0,22,860,0
2025-09-01,720.806,154.0,12,860,1
2025-09-02,684.723,149.0,14,860,2
2025-09-03,1838.353,152.0,5,860,3
2025-09-04,107.037,34.0,2,860,4
2025-09-05,3320.211,422.0,24,860,5
2025-09-06,3869.032,638.0,28,860,6
2025-09-07,2095.081,494.0,28,860,0
2025-09-08,1692.358,290.0,18,860,1
2025-09-09,2745.756,804.0,27,860,2
2025-09-10,2662.235,116.0,14,860,3
2025-09-11,1649.844,50.0,4,860,4
2025-09-12,248.471,77.0,2,860,5
2025-09-13,1278.331,61.0,9,860,6
2025-09-14,2859.551,647.0,31,860,0
2025-09-15,1690.755,250.0,27,860,1
2025-09-16,3143.895,318.0,23,860,2
2025-09-17,2342.254,118.0,19,860,3
2025-09-19,1863.244,116.0,17,860,5
2025-09-20,2307.44,526.0,32,860,6
2025-09-21,3492.689,412.0,40,860,0
2025-09-22,1659.98,229.0,28,860,1
2025-09-23,4244.005,247.0,30,860,2
2025-09-24,2352.366,114.0,16,860,3
2025-09-25,12.785,5.0,1,860,4
2025-09-26,2654.758,293.0,32,860,5
2025-09-27,3237.324,623.0,37,860,6
2025-09-28,1467.79,157.0,15,860,0
2025-09-29,2199.091,116.0,11,860,1
2025-09-30,897.216,96.0,10,860,2
2025-10-02,1490.6100000000001,840.0,22,860,4
2025-10-03,1665.138,289.0,22,860,5
2025-10-04,2755.946,748.0,34,860,6
2025-10-05,4299.596,517.0,29,860,0
2025-10-06,3266.093,810.0,28,860,1
2025-10-07,2906.545,428.0,23,860,2
2025-10-08,1731.565,221.0,7,860,3
2025-10-10,3687.811,316.0,23,860,5
2025-10-11,3968.726,954.0,46,860,6
2025-10-12,4363.457,390.0,26,860,0
2025-10-13,1817.757,326.0,23,860,1
2025-10-14,1382.6,336.0,15,860,2
2025-10-15,3217.2690000000002,275.0,26,860,3
2025-10-17,2185.88,345.0,32,860,5
2025-10-18,4180.0689999999995,595.0,49,860,6
2025-10-19,3222.282,421.0,26,860,0
2025-10-20,1727.419,369.0,18,860,1
2025-10-21,1080.37,691.0,26,860,2
2025-10-22,3095.009,571.0,34,860,3
2025-10-24,2734.4139999999998,301.0,29,860,5
2025-10-25,2805.5209999999997,216.0,28,860,6
2025-10-26,3167.938,453.0,25,860,0
2025-10-27,1222.505,141.0,13,860,1
2025-10-28,1969.42,271.0,23,860,2
2025-10-29,3539.003,460.0,32,860,3
2025-10-31,3054.975,181.0,25,860,5
2025-11-01,2620.816,551.0,33,860,6
2025-11-02,1636.975,335.0,27,860,0
2025-11-03,2633.766,412.0,30,860,1
2025-11-04,1808.735,122.0,28,860,2
2025-11-06,64.71000000000001,25.0,2,860,4
2025-11-07,2489.649,586.0,39,860,5
2025-11-08,3114.395,247.0,28,860,6
2025-11-09,3423.477,855.0,45,860,0
2025-11-10,3381.1679999999997,413.0,24,860,1
2025-11-11,3442.32,430.0,36,860,2
2025-11-12,3682.1059999999998,461.0,35,860,3
2025-11-13,154.552,21.0,2,860,4
2025-11-14,2835.967,337.0,25,860,5
2025-11-15,1465.963,197.0,16,860,6
2025-11-16,2251.901,129.0,23,860,0
2025-11-17,3581.72,194.0,28,860,1
2025-11-18,1174.14,94.0,10,860,2
2025-11-19,2775.101,424.0,34,860,3
2025-11-21,2392.463,273.0,24,860,5
2025-11-22,3643.435,431.0,25,860,6
2025-11-23,2416.665,85.0,29,860,0
2025-11-24,2922.094,258.0,19,860,1
2025-11-25,2792.244,276.0,18,860,2
2025-11-26,3165.457,168.0,38,860,3
2025-11-28,4318.701,421.0,30,860,5
2025-11-29,3496.561,98.0,30,860,6
2025-11-30,3146.661,249.0,35,860,0
2025-12-01,1792.298,431.0,21,860,1
2025-12-02,3914.249,379.0,39,860,2
2025-12-03,5647.715,366.0,33,860,3
2025-12-04,265.204,4.0,1,860,4
2025-12-05,2627.49,232.0,20,860,5
2025-12-06,5135.004,326.0,31,860,6
2025-12-07,4338.9349999999995,461.0,38,860,0
2025-12-08,1918.111,368.0,22,860,1
2025-12-09,3747.462,429.0,30,860,2
2025-12-10,5050.979,422.0,41,860,3
2025-12-11,20.456,8.0,1,860,4
2025-12-12,3145.771,182.0,35,860,5
2025-12-13,3943.552,460.0,36,860,6
2025-12-14,3294.848,214.0,32,860,0
2025-12-15,3574.424,317.0,27,860,1
2025-12-16,3591.582,409.0,28,860,2
2025-12-17,1235.176,205.0,10,860,3
2025-12-19,4045.97,494.0,42,860,5
2025-12-20,4987.814,335.0,29,860,6
2025-12-21,3358.541,196.0,28,860,0
2025-12-22,2596.79,195.0,13,860,1
2025-12-23,3999.044,281.0,33,860,2
2025-12-24,4004.853,561.0,44,860,3
2025-12-26,2624.942,181.0,33,860,5
2025-12-27,2863.991,406.0,26,860,6
2025-12-28,3656.599,417.0,21,860,0
2025-12-29,2159.862,198.0,20,860,1
2025-12-30,2639.881,193.0,21,860,2
2026-01-01,61.467,3.0,1,860,4
2026-01-02,1790.489,309.0,13,860,5
2026-01-03,608.604,11.0,6,860,6
2026-01-04,991.299,116.0,12,860,0
2026-01-05,2395.574,142.0,14,860,1
2026-01-06,1579.884,322.0,17,860,2
2026-01-07,1731.527,328.0,11,860,3
2026-01-08,2101.112,224.0,15,860,4
2026-01-09,3119.078,322.0,21,860,5
2026-01-11,642.929,178.0,11,860,0
2026-01-12,1394.988,320.0,21,860,1
2026-01-13,1166.317,241.0,17,860,2
2026-01-15,498.666,110.0,7,860,4
2026-01-16,1565.9840000000002,395.0,14,860,5
2026-01-18,1456.707,283.0,21,860,0
2026-01-19,3616.701,546.0,18,860,1
2026-01-20,1329.161,324.0,13,860,2
2026-01-21,2005.297,423.0,13,860,3
2026-01-22,2521.391,214.0,17,860,4
2026-01-23,3686.7529999999997,313.0,19,860,5
2026-01-24,21.0,1.0,1,860,6
2026-01-25,1724.8819999999998,315.0,17,860,0
2026-01-26,2094.957,126.0,13,860,1
2026-01-27,2493.19,211.0,13,860,2
2026-01-28,1996.9089999999999,472.0,12,860,3
2026-01-29,2280.467,281.0,15,860,4
2026-01-30,2167.021,289.0,20,860,5
2026-01-31,568.56,116.0,1,860,6
2026-02-01,2310.973,132.0,14,860,0
2026-02-02,3103.087,440.0,24,860,1
2026-02-03,2797.627,316.0,19,860,2
2026-02-04,3469.962,225.0,14,860,3
2026-02-05,2424.779,129.0,10,860,4
2026-02-06,2532.799,460.0,22,860,5
2026-02-08,1668.072,271.0,16,860,0
2026-02-09,2367.427,408.0,22,860,1
2026-02-10,1780.047,391.0,12,860,2
2026-02-11,2958.179,487.0,17,860,3
2026-02-12,1885.5249999999999,143.0,7,860,4
2026-02-13,2306.093,495.0,19,860,5
2026-02-15,1451.288,80.0,9,860,0
2026-02-16,1972.712,459.0,16,860,1
2026-02-17,1459.848,110.0,11,860,2
2026-02-18,2298.88,335.0,13,860,3
2026-02-19,1365.777,121.0,7,860,4
2026-02-20,1305.647,280.0,15,860,5
2026-02-21,227.35,20.0,1,860,6
2026-02-22,1384.283,235.0,9,860,0
2026-02-23,2601.94,322.0,20,860,1
2026-02-24,1298.163,318.0,16,860,2
2026-02-25,869.088,108.0,11,860,3
2026-02-26,1290.6149999999998,145.0,8,860,4
2026-02-27,1424.114,406.0,17,860,5
2026-02-28,425.86,38.0,3,860,6
2026-03-01,3642.189,393.0,14,860,0
2026-03-02,2987.702,523.0,21,860,1
2026-03-03,2089.956,364.0,16,860,2
2026-03-04,1610.471,347.0,7,860,3
2026-03-05,1421.589,324.0,11,860,4
2026-03-06,1763.5230000000001,382.0,15,860,5
2026-03-08,620.391,61.0,2,860,0
2026-03-09,3411.251,533.0,18,860,1
2026-03-10,1215.732,239.0,10,860,2
2026-03-11,2133.833,563.0,14,860,3
2026-03-12,514.4219999999999,96.0,5,860,4
2026-03-13,1685.694,449.0,17,860,5
2026-03-15,1721.773,139.0,9,860,0
2026-03-16,2866.542,392.0,23,860,1
2026-03-17,2742.4210000000003,321.0,15,860,2
2026-03-18,1738.3310000000001,155.0,5,860,3
2026-03-19,993.025,242.0,7,860,4
2026-03-20,123.708,51.0,2,860,5
2026-03-22,1389.664,143.0,16,860,0
2026-03-23,2172.074,401.0,19,860,1
2026-03-24,1437.384,194.0,14,860,2
2026-03-25,1337.474,207.0,13,860,3
2026-03-26,1718.298,79.0,6,860,4
2026-03-27,1617.882,212.0,16,860,5
2026-03-29,1156.576,212.0,10,860,0
2026-03-30,1517.888,215.0,19,860,1
2026-03-31,1473.34,203.0,9,860,2
2026-04-01,3193.792,614.0,16,860,3
2026-04-02,1592.109,256.0,10,860,4
2026-04-03,1090.199,134.0,5,860,5
2026-04-05,1409.612,289.0,18,860,0
2026-04-06,2751.469,317.0,20,860,1
2026-04-07,1812.142,345.0,11,860,2
2026-04-08,2482.495,245.0,13,860,3
2026-04-09,1185.72,69.0,10,860,4
2026-04-10,1350.7450000000001,353.0,20,860,5
2026-04-12,611.382,125.0,5,860,0
2026-04-13,1299.742,154.0,13,860,1
2026-04-14,1425.195,198.0,12,860,2
2026-04-15,1252.292,259.0,10,860,3
2026-04-16,1066.925,76.0,4,860,4
2026-04-17,932.477,148.0,11,860,5
2026-04-19,1105.234,171.0,10,860,0
2026-04-20,1185.451,216.0,12,860,1
2026-04-21,2351.7160000000003,321.0,9,860,2
2026-04-22,1297.723,193.0,11,860,3
2026-04-23,982.1379999999999,114.0,7,860,4
2026-04-24,1920.666,192.0,16,860,5
2026-04-26,954.771,167.0,11,860,0
2026-04-27,1697.055,297.0,17,860,1
2026-04-28,1787.878,334.0,9,860,2
2026-04-29,1323.924,280.0,10,860,3
2026-04-30,200.942,121.0,5,860,4
2026-05-01,265.774,52.0,2,860,5
2026-05-02,321.212,50.0,1,860,6
2026-05-03,410.351,28.0,4,860,0
2026-05-04,1486.442,235.0,10,860,1
2026-05-05,2805.657,315.0,12,860,2
2026-05-06,1769.753,262.0,6,860,3
2026-05-07,114.46,73.0,1,860,4
2026-05-08,1911.102,377.0,13,860,5
2026-05-10,779.8820000000001,132.0,8,860,0
2026-05-11,2202.338,129.0,5,860,1
2026-05-12,1008.279,407.0,9,860,2
2026-05-15,1788.8899999999999,675.0,14,860,5
2026-05-17,1450.699,274.0,16,860,0
2026-05-18,3120.831,443.0,19,860,1
2026-05-19,2799.815,620.0,17,860,2
2026-05-20,3012.382,563.0,16,860,3
2026-05-21,1089.949,231.0,12,860,4
2026-05-22,2901.433,721.0,22,860,5
2026-05-24,848.015,109.0,13,860,0
2026-05-25,1998.5359999999998,387.0,22,860,1
2026-05-26,2628.815,448.0,21,860,2
2026-05-27,946.879,346.0,12,860,3
2026-05-28,991.843,160.0,10,860,4
2026-05-29,1052.338,284.0,13,860,5
2026-05-30,16.365,7.0,1,860,6
2026-05-31,862.816,133.0,12,860,0
2026-06-01,3111.697,362.0,27,860,1
2026-06-02,362.446,33.0,3,860,2
2026-06-03,1378.0810000000001,229.0,13,860,3
2026-06-04,1323.771,103.0,4,860,4
2026-06-05,3594.708,298.0,23,860,5
2026-06-06,351.681,8.0,1,860,6
2026-06-07,934.7620000000001,126.0,14,860,0
2026-06-08,1770.7040000000002,328.0,20,860,1
2026-06-09,1547.886,764.0,12,860,2
2026-06-10,2063.284,376.0,16,860,3
2026-06-11,943.259,228.0,11,860,4
2026-06-12,1852.57,446.0,21,860,5
2026-06-14,915.62,162.0,16,860,0
2026-06-15,2148.703,404.0,27,860,1
2026-06-16,1633.91,307.0,14,860,2
2026-06-17,689.809,180.0,13,860,3
2026-06-18,1802.055,85.0,13,860,4
2026-06-19,2675.808,284.0,21,860,5
2026-06-20,90.63,1.0,1,860,6
2026-06-21,3280.833,211.0,20,860,0
2026-06-22,2964.212,333.0,24,860,1
2026-06-23,1438.974,260.0,9,860,2
2026-06-24,1694.281,209.0,9,860,3
2026-06-25,1277.472,166.0,12,860,4
2026-06-26,1550.421,432.0,16,860,5
2026-06-27,476.982,9.0,1,860,6
2026-06-28,704.223,254.0,10,860,0
2026-06-29,3004.867,277.0,17,860,1
2026-06-30,964.821,64.0,9,860,2
2026-07-01,1260.1889999999999,17.0,7,860,3
2026-07-02,1063.671,226.0,9,860,4
2026-07-03,1530.1399999999999,217.0,19,860,5
2026-07-05,947.345,207.0,13,860,0
2026-07-06,1050.133,228.0,15,860,1
2026-07-07,1241.988,161.0,13,860,2
2026-07-08,1608.353,214.0,6,860,3
2026-07-09,1545.889,142.0,15,860,4
2026-07-10,914.958,41.0,11,860,5
2026-07-11,282.834,30.0,1,860,6
2026-07-12,1411.3049999999998,104.0,11,860,0
2026-07-13,1280.595,232.0,10,860,1
2026-07-14,1840.103,311.0,15,860,2
2026-07-15,863.611,111.0,14,860,3
2026-07-16,726.385,108.0,7,860,4
2026-07-17,883.6229999999999,182.0,11,860,5
2026-07-19,473.975,77.0,6,860,0
2026-07-22,1196.137,299.0,5,860,3
2026-07-23,1165.99,177.0,7,860,4
2026-07-24,1610.255,323.0,11,860,5
2026-07-26,1502.715,141.0,10,860,0
2026-07-27,1979.164,315.0,13,860,1
2026-07-28,3034.7219999999998,337.0,11,860,2
2026-07-29,1084.609,111.0,3,860,3
2026-07-30,877.29,35.0,7,860,4
2026-07-31,2126.61,123.0,13,860,5
2026-08-02,2032.657,235.0,14,860,0
2026-08-03,1568.813,218.0,19,860,1
2026-08-04,2327.13,569.0,15,860,2
2026-08-05,2442.364,396.0,13,860,3
2026-08-06,364.03700000000003,124.0,7,860,4
2026-08-07,2296.337,474.0,21,860,5
2026-08-09,968.331,284.0,10,860,0
2026-08-10,1580.165,174.0,13,860,1
2026-08-11,1289.357,264.0,5,860,2
2026-08-12,690.265,154.0,3,860,3
2026-08-13,1277.33,130.0,9,860,4
2026-08-14,1000.043,125.0,7,860,5
2026-08-16,1825.976,279.0,14,860,0
2026-08-17,2368.178,238.0,11,860,1
2026-08-18,2561.382,134.0,13,860,2
2026-08-19,1600.136,145.0,5,860,3
2026-08-20,1100.654,107.0,6,860,4
2026-08-21,1170.327,161.0,7,860,5
2026-08-23,5004.6810000000005,527.0,23,860,0
