client_code,region,potentiel,jour_semaine,nbr_visites,vente_nette
00000,GT,A,1.0,2,50.498
00000,GT,A,2.0,14,503.20257142857145
00000,GT,A,4.0,4,3.0250000000000004
00000,GT,A,6.0,3,947.0706666666666
00002,GT,1,0.0,9,149.768
00002,GT,1,1.0,6,299.9676666666667
00002,GT,1,2.0,12,183.14858333333333
00002,GT,1,3.0,33,1120.4189745454544
00002,GT,1,4.0,25,843.2015171999999
00002,GT,1,5.0,44,1383.0847163636363
00002,GT,1,6.0,9,3886.0441111111118
00003,GT,n,0.0,9,148.5851111111111
00003,GT,n,1.0,4,171.1725
00003,GT,n,2.0,7,112.48757142857143
00003,GT,n,3.0,18,645.9201666666667
00003,GT,n,4.0,11,206.74081818181818
00003,GT,n,5.0,17,197.12158823529413
00003,GT,n,6.0,9,117.26077777777778
00003330,GT,1,6.0,4,7283.026000000001
00004,NORD,n,0.0,12,109.1945
00004,NORD,n,1.0,8,60.704875
00004,NORD,n,2.0,14,137.84764285714286
00004,NORD,n,3.0,9,68.24544444444444
00004,NORD,n,4.0,2,153.7405
00004,NORD,n,5.0,11,146.21472727272726
00004,NORD,n,6.0,8,1610.221125
00005,GT,n,0.0,19,532.3937894736843
00005,GT,n,1.0,22,295.29818181818183
00005,GT,n,2.0,17,279.991
00005,GT,n,3.0,25,313.3848
00005,GT,n,4.0,8,330.756375
00005,GT,n,5.0,28,169.78310714285712
00005,GT,n,6.0,11,576.87
00006,GT,n,0.0,5,50.0216
00006,GT,n,1.0,5,125.9884
00006,GT,n,2.0,4,83.789
00006,GT,n,3.0,6,68.84366666666666
00006,GT,n,4.0,8,64.14075
00006,GT,n,5.0,10,136.0567
00006,GT,n,6.0,7,45.936142857142855
00007,GT,n,0.0,13,168.75315384615385
00007,GT,n,1.0,14,165.29857142857142
00007,GT,n,2.0,10,255.07710000000003
00007,GT,n,3.0,10,308.4827
00007,GT,n,4.0,10,172.31239999999997
00007,GT,n,5.0,15,125.23666666666668
00007,GT,n,6.0,7,94.78371428571428
00008,GT,n,0.0,14,66.11142857142856
00008,GT,n,1.0,14,81.5992142857143
00008,GT,n,2.0,11,131.20654545454545
00008,GT,n,3.0,12,104.105
00008,GT,n,4.0,9,204.08577777777776
00008,GT,n,5.0,17,103.41170588235295
00008,GT,n,6.0,7,73.78314285714285
00009,GT,n,0.0,7,35.85257142857143
00009,GT,n,1.0,12,39.67641666666667
00009,GT,n,2.0,5,55.617399999999996
00009,GT,n,3.0,8,60.570875
00009,GT,n,4.0,2,78.999
00009,GT,n,5.0,6,50.168000000000006
00009,GT,n,6.0,8,30.741125
00010,SE,n,1.0,2,63.463499999999996
00010,SE,n,2.0,5,92.783
00010,SE,n,3.0,8,86.964
00010,SE,n,5.0,5,65.40220000000001
00010,SE,n,6.0,1,27.823
00011,SE,n,0.0,6,502.612
00011,SE,n,1.0,10,338.8385
00011,SE,n,2.0,7,220.54485714285713
00011,SE,n,3.0,5,2614.5716
00011,SE,n,4.0,1,78.408
00011,SE,n,5.0,5,97.5654
00011,SE,n,6.0,1,549.039
00012,SE,n,0.0,1,104.732
00012,SE,n,1.0,3,39.434333333333335
00012,SE,n,2.0,3,98.88966666666666
00012,SE,n,3.0,1,58.918
00012,SE,n,4.0,1,74.955
00012,SE,n,5.0,2,25.964
00013,SE,n,0.0,4,61.79725
00013,SE,n,1.0,3,106.03466666666667
00013,SE,n,2.0,1,52.797
00013,SE,n,3.0,4,80.64075
00013,SE,n,4.0,1,52.047
00013,SE,n,5.0,2,52.959
00013,SE,n,6.0,1,110.284
00014,SE,n,0.0,2,179.806
00014,SE,n,1.0,1,103.318
00014,SE,n,3.0,1,112.569
00014,SE,n,4.0,1,446.438
00014,SE,n,5.0,1,38.453
00015,GT,n,0.0,5,68.2788
00015,GT,n,1.0,8,152.546875
00015,GT,n,2.0,5,191.60359999999997
00015,GT,n,3.0,10,142.36110000000002
00015,GT,n,4.0,3,442.722
00015,GT,n,5.0,10,110.8576
00015,GT,n,6.0,3,303.07166666666666
00016,SE,n,0.0,4,580.65175
00016,SE,n,1.0,2,605.0425
00016,SE,n,2.0,11,337.626
00016,SE,n,3.0,7,405.8265714285714
00016,SE,n,4.0,6,512.279
00016,SE,n,5.0,5,281.8848
00016,SE,n,6.0,5,278.76980000000003
00017,SE,n,1.0,1,27.238
00017,SE,n,2.0,2,136.046
00018,GT,n,1.0,1,289.522
00020,GT,n,0.0,7,93.74314285714286
00020,GT,n,1.0,4,66.00275
00020,GT,n,2.0,9,161.1533333333333
00020,GT,n,3.0,13,71.461
00020,GT,n,4.0,1,141.35
00020,GT,n,5.0,10,84.6173
00020,GT,n,6.0,8,50.506875
00021,GT,n,0.0,7,40.89828571428571
00021,GT,n,1.0,6,53.936
00021,GT,n,2.0,7,115.58628571428572
00021,GT,n,3.0,15,57.593666666666664
00021,GT,n,4.0,1,113.915
00021,GT,n,5.0,7,58.99628571428571
00021,GT,n,6.0,5,35.5786
00022,GT,n,0.0,9,197.30444444444444
00022,GT,n,1.0,6,282.6648333333333
00022,GT,n,2.0,14,366.2592142857143
00022,GT,n,3.0,11,201.43581818181818
00022,GT,n,4.0,5,349.647
00022,GT,n,5.0,11,349.7901818181818
00022,GT,n,6.0,5,273.4654
00023,,n,0.0,7,43.31357142857143
00023,,n,1.0,4,39.22875
00023,,n,2.0,9,137.88111111111112
00023,,n,3.0,10,33.6744
00023,,n,5.0,8,126.02875
00023,,n,6.0,2,45.2915
00024,GT,n,0.0,6,60.896166666666666
00024,GT,n,1.0,3,79.427
00024,GT,n,2.0,4,102.24549999999999
00024,GT,n,3.0,9,62.419999999999995
00024,GT,n,4.0,1,79.236
00024,GT,n,5.0,7,72.12257142857143
00025,GT,n,0.0,5,43.6526
00025,GT,n,1.0,5,58.321600000000004
00025,GT,n,2.0,7,46.024571428571434
00025,GT,n,3.0,13,55.01776923076923
00025,GT,n,5.0,6,33.628166666666665
00025,GT,n,6.0,3,88.42166666666667
00026,GT,n,0.0,9,47.25955555555556
00026,GT,n,1.0,2,60.668
00026,GT,n,2.0,4,107.75475
00026,GT,n,3.0,10,73.6021
00026,GT,n,5.0,5,62.601
00026,GT,n,6.0,3,90.39766666666667
00027,GT,n,0.0,9,113.46566666666666
00027,GT,n,1.0,9,40.24055555555555
00027,GT,n,2.0,12,65.94449999999999
00027,GT,n,3.0,23,123.90791304347826
00027,GT,n,4.0,3,241.01866666666663
00027,GT,n,5.0,20,93.43260000000001
00027,GT,n,6.0,9,91.81855555555555
00028,GT,n,0.0,3,66.973
00028,GT,n,1.0,4,80.6175
00028,GT,n,2.0,2,72.24600000000001
00028,GT,n,3.0,1,83.531
00028,GT,n,6.0,2,64.67150000000001
00030,GT,n,0.0,4,165.99975
00030,GT,n,1.0,14,163.37892857142856
00030,GT,n,2.0,6,130.37133333333333
00030,GT,n,3.0,3,301.1023333333333
00030,GT,n,4.0,9,207.2981111111111
00030,GT,n,5.0,2,26.504
00030,GT,n,6.0,10,125.9894
00031,,n,0.0,2,83.291
00031,,n,1.0,4,92.02074999999999
00031,,n,2.0,3,12.672666666666666
00031,,n,4.0,3,56.46333333333333
00031,,n,5.0,1,39.618
00031,,n,6.0,4,41.92
00032,GT,n,0.0,6,377.36733333333336
00032,GT,n,1.0,8,332.815875
00032,GT,n,2.0,10,179.7224
00032,GT,n,3.0,3,467.77500000000003
00032,GT,n,4.0,8,142.31575
00032,GT,n,5.0,4,291.85325
00032,GT,n,6.0,3,129.42966666666666
00035,SE,n,0.0,1,148.035
00036,SE,n,2.0,1,40.395
00037,SE,n,0.0,4,167.46275
00037,SE,n,1.0,6,145.96933333333334
00037,SE,n,2.0,8,248.6305
00037,SE,n,3.0,5,322.11139999999995
00037,SE,n,4.0,2,222.0765
00037,SE,n,5.0,4,240.75725
00037,SE,n,6.0,3,206.05666666666664
00038,SE,n,3.0,1,26.887
00040,SE,n,6.0,1,62.984
00043,GT,n,0.0,20,92.91884999999999
00043,GT,n,1.0,7,35.15
00043,GT,n,2.0,5,78.316
00043,GT,n,3.0,5,67.22380000000001
00043,GT,n,4.0,3,96.46566666666666
00043,GT,n,5.0,2,66.9255
00043,GT,n,6.0,1,55.389
00044,GT,n,0.0,20,95.57385000000001
00044,GT,n,1.0,6,50.33733333333333
00044,GT,n,2.0,3,74.31433333333332
00044,GT,n,3.0,4,66.56725
00044,GT,n,4.0,4,99.46375
00044,GT,n,5.0,3,52.659
00045,GT,n,0.0,13,100.374
00045,GT,n,1.0,4,65.813
00045,GT,n,2.0,2,33.535
00045,GT,n,3.0,9,69.94311111111112
00045,GT,n,4.0,3,80.743
00045,GT,n,5.0,5,48.595
00046,GT,n,0.0,4,119.1995
00046,GT,n,1.0,3,37.35566666666667
00046,GT,n,2.0,5,48.215199999999996
00046,GT,n,3.0,6,60.794000000000004
00046,GT,n,4.0,3,62.41633333333334
00046,GT,n,5.0,6,45.81583333333333
00047,,n,0.0,11,67.76118181818183
00047,,n,1.0,5,32.9844
00047,,n,2.0,3,93.90833333333335
00047,,n,3.0,1,17.676
00047,,n,4.0,2,96.294
00047,,n,5.0,2,39.797
00047,,n,6.0,1,58.23
00048,GT,n,0.0,5,300.2112
00048,GT,n,1.0,6,131.50816666666665
00048,GT,n,2.0,12,61.57333333333333
00048,GT,n,3.0,3,35.65866666666667
00048,GT,n,4.0,3,88.27366666666667
00048,GT,n,5.0,8,45.655125
00048,GT,n,6.0,1,79.33
00049,GT,n,0.0,7,116.68842857142856
00049,GT,n,1.0,6,74.63950000000001
00049,GT,n,2.0,2,58.967
00049,GT,n,3.0,4,76.7
00049,GT,n,4.0,2,78.23349999999999
00049,GT,n,5.0,7,29.378999999999998
00049,GT,n,6.0,1,158.662
00050,GT,n,0.0,4,119.86575
00050,GT,n,1.0,6,47.082833333333326
00050,GT,n,2.0,5,70.8316
00050,GT,n,3.0,1,76.307
00050,GT,n,4.0,1,98.661
00050,GT,n,5.0,4,42.085499999999996
00051,,n,0.0,1,27.823
00051,,n,2.0,1,30.503
00051,,n,4.0,2,88.39150000000001
00052,GT,n,0.0,10,469.27020000000005
00052,GT,n,1.0,10,478.45779999999996
00052,GT,n,2.0,7,412.7948571428571
00052,GT,n,3.0,5,377.2486
00052,GT,n,4.0,4,341.7875
00052,GT,n,5.0,8,439.158
00052,GT,n,6.0,4,337.77324999999996
00053,,n,0.0,4,107.07974999999999
00053,,n,1.0,2,22.5395
00053,,n,2.0,9,47.69566666666667
00053,,n,3.0,2,64.4105
00053,,n,4.0,6,76.367
00053,,n,5.0,2,47.4585
00053,,n,6.0,4,62.11575
00054,,n,0.0,1,53.213
00054,,n,1.0,2,80.8925
00054,,n,2.0,6,74.03516666666667
00054,,n,3.0,3,43.686
00054,,n,4.0,7,83.99857142857142
00054,,n,5.0,1,30.503
00054,,n,6.0,5,57.5908
00055,GT,n,0.0,1,72.634
00055,GT,n,4.0,1,58.23
00055,GT,n,5.0,2,59.602000000000004
00056,,n,2.0,1,13.774
00056,,n,4.0,1,180.705
00057,GT,n,0.0,5,1339.3031999999998
00057,GT,n,1.0,3,40.076
00057,GT,n,2.0,14,282.0542142857143
00057,GT,n,3.0,10,376.6153
00057,GT,n,4.0,1,128.436
00057,GT,n,5.0,10,1091.0011
00057,GT,n,6.0,2,854.9290000000001
00058,,n,0.0,5,53.299800000000005
00058,,n,1.0,7,201.29657142857144
00058,,n,2.0,9,68.64011111111111
00058,,n,3.0,6,99.82100000000001
00058,,n,4.0,4,48.80475
00058,,n,5.0,5,157.76399999999998
00058,,n,6.0,4,59.889250000000004
00059,GT,n,0.0,1,33.387
00059,GT,n,1.0,6,99.0795
00059,GT,n,2.0,4,61.16825
00059,GT,n,3.0,4,66.7635
00059,GT,n,4.0,1,129.634
00059,GT,n,5.0,5,67.3108
00059,GT,n,6.0,2,36.2755
00060,GT,n,0.0,7,186.06128571428573
00060,GT,n,1.0,6,68.78866666666666
00060,GT,n,2.0,7,144.423
00060,GT,n,3.0,6,94.09649999999999
00060,GT,n,4.0,3,52.564
00060,GT,n,5.0,8,95.47825
00060,GT,n,6.0,3,59.55266666666666
00061,GT,n,0.0,2,260.7575
00061,GT,n,1.0,3,66.17466666666667
00061,GT,n,2.0,2,74.973
00061,GT,n,3.0,9,123.89644444444444
00061,GT,n,4.0,2,361.4745
00061,GT,n,6.0,1,102.048
00062,SE,n,5.0,1,79.33
00063,SE,n,6.0,2,38.266999999999996
00065,SE,n,0.0,4,386.12575
00065,SE,n,1.0,4,437.0735
00065,SE,n,2.0,7,294.4567142857143
00065,SE,n,3.0,4,507.0065
00065,SE,n,4.0,3,83.34366666666666
00065,SE,n,5.0,2,350.933
00065,SE,n,6.0,3,424.816
00066,SE,n,3.0,2,71.794
00066,SE,n,4.0,1,166.648
00067,SE,n,0.0,2,77.2495
00067,SE,n,5.0,1,509.028
00069,SE,n,5.0,1,35.35
00070,SE,n,1.0,1,38.79
00070,SE,n,5.0,1,57.097
00079,SE,n,1.0,1,53.15
00079,SE,n,2.0,1,135.266
00079,SE,n,3.0,2,108.4975
00079,SE,n,4.0,1,255.253
00081,SE,n,0.0,2,21.1215
00081,SE,n,1.0,5,72.3056
00081,SE,n,2.0,2,78.477
00081,SE,n,5.0,3,35.11266666666666
00081,SE,n,6.0,4,44.7635
00082,SE,n,0.0,1,63.985
00082,SE,n,1.0,3,43.41166666666667
00082,SE,n,3.0,1,64.27
00082,SE,n,5.0,2,23.957
00082,SE,n,6.0,2,35.9745
00083,SE,n,0.0,2,42.667500000000004
00083,SE,n,1.0,6,46.57183333333333
00083,SE,n,2.0,1,37.418
00083,SE,n,3.0,2,162.579
00083,SE,n,4.0,1,71.728
00083,SE,n,5.0,4,40.268
00084,SE,n,0.0,4,67.11625000000001
00084,SE,n,1.0,5,27.9332
00084,SE,n,2.0,2,93.094
00084,SE,n,4.0,1,38.375
00084,SE,n,5.0,7,49.27842857142857
00085,SE,n,0.0,1,110.284
00085,SE,n,1.0,7,97.97242857142858
00085,SE,n,2.0,3,29.199666666666662
00085,SE,n,3.0,6,45.322833333333335
00085,SE,n,4.0,5,64.90700000000001
00085,SE,n,5.0,5,42.413799999999995
00085,SE,n,6.0,2,17.455
00086,SE,n,0.0,3,82.12033333333333
00086,SE,n,1.0,5,42.6198
00086,SE,n,2.0,2,51.129000000000005
00086,SE,n,3.0,5,59.311
00086,SE,n,4.0,5,78.917
00086,SE,n,5.0,4,37.9695
00087,SE,n,0.0,3,49.67133333333334
00087,SE,n,1.0,4,48.701
00087,SE,n,2.0,2,117.9525
00087,SE,n,3.0,3,42.742
00087,SE,n,4.0,2,279.64000000000004
00087,SE,n,5.0,6,91.6825
00087,SE,n,6.0,1,49.873
00088,SE,n,0.0,4,42.230000000000004
00088,SE,n,1.0,6,42.783500000000004
00088,SE,n,2.0,2,57.403
00088,SE,n,3.0,4,31.7055
00088,SE,n,4.0,2,187.05450000000002
00088,SE,n,5.0,3,31.319000000000003
00088,SE,n,6.0,5,56.46320000000001
00089,GT,n,2.0,1,103.739
00090,GT,n,0.0,7,62.26871428571429
00090,GT,n,1.0,9,57.55755555555556
00090,GT,n,2.0,11,49.23690909090909
00090,GT,n,3.0,12,43.8195
00090,GT,n,4.0,1,44.885
00090,GT,n,5.0,4,59.65025
00090,GT,n,6.0,4,63.4255
00091,GT,n,0.0,14,69.306
00091,GT,n,1.0,12,50.6675
00091,GT,n,2.0,13,74.05746153846154
00091,GT,n,3.0,7,34.89828571428571
00091,GT,n,4.0,9,80.96511111111111
00091,GT,n,5.0,15,59.720800000000004
00091,GT,n,6.0,13,51.09653846153846
00092,GT,n,6.0,1,98.501
00095,GT,n,1.0,1,2054.953
00095,GT,n,2.0,1,33.893
00095,GT,n,5.0,1,1361.072
00095,GT,n,6.0,1,26.887
00096,GT,n,0.0,1,114.696
00099,GT,n,0.0,5,367.1578
00099,GT,n,1.0,3,643.1313333333334
00099,GT,n,2.0,10,390.3315
00099,GT,n,3.0,7,457.6925714285714
00099,GT,n,4.0,9,307.9425555555556
00099,GT,n,5.0,6,275.885
00099,GT,n,6.0,3,248.48800000000003
00101,SE,n,4.0,1,70.143
00102,GT,n,1.0,2,107.494
00102,GT,n,2.0,1,71.422
00104,GT,n,0.0,2,62.831999999999994
00104,GT,n,1.0,4,56.190999999999995
00104,GT,n,2.0,12,66.57683333333334
00104,GT,n,4.0,5,86.3922
00104,GT,n,5.0,2,79.15549999999999
00104,GT,n,6.0,7,67.94271428571429
00105,GT,n,4.0,1,62.114
00106,SE,n,3.0,1,103.739
00106,SE,n,4.0,1,74.835
00106,SE,n,5.0,3,140.77200000000002
00106,SE,n,6.0,1,60.69
00108,GT,n,0.0,1,48.591
00108,GT,n,1.0,4,69.0275
00108,GT,n,2.0,1,143.997
00108,GT,n,4.0,1,106.087
00108,GT,n,5.0,2,46.535
00108,GT,n,6.0,1,32.833
00112,GT,n,0.0,1,34.699
00112,GT,n,1.0,2,122.8515
00112,GT,n,3.0,1,586.238
00114,SE,n,0.0,1,50.494
00114,SE,n,1.0,2,32.8005
00114,SE,n,4.0,1,7.759
00114,SE,n,5.0,1,97.6
00114,SE,n,6.0,1,153.526
00115,SE,n,3.0,1,43.376
00115,SE,n,6.0,1,71.728
00116,SE,n,2.0,1,54.411
00117,SE,n,1.0,1,114.696
00120,SE,n,4.0,1,38.375
00121,SE,n,2.0,1,102.033
00123,GT,n,0.0,3,325.32233333333335
00123,GT,n,1.0,8,160.96075
00123,GT,n,2.0,5,67.88419999999999
00123,GT,n,3.0,5,305.5228
00123,GT,n,4.0,2,87.84649999999999
00123,GT,n,5.0,4,70.24825
00123,GT,n,6.0,2,321.916
00124,GT,n,0.0,7,135.41342857142857
00124,GT,n,1.0,13,47.2056923076923
00124,GT,n,2.0,8,78.414625
00124,GT,n,3.0,3,103.676
00124,GT,n,4.0,6,55.149499999999996
00124,GT,n,5.0,16,64.415125
00124,GT,n,6.0,9,45.82966666666667
00125,GT,n,4.0,1,55.25
00127,,n,1.0,1,19.262
00127,,n,2.0,2,157.8295
00127,,n,3.0,4,65.94175
00127,,n,4.0,1,174.159
00127,,n,5.0,3,79.03666666666666
00127,,n,6.0,1,6.002
00128,GT,n,0.0,12,45.88249999999999
00128,GT,n,1.0,7,56.24185714285714
00128,GT,n,2.0,19,44.495315789473686
00128,GT,n,3.0,5,106.3004
00128,GT,n,4.0,3,153.48499999999999
00128,GT,n,5.0,7,46.27342857142857
00128,GT,n,6.0,13,46.42215384615384
00129,GT,n,2.0,2,49.3695
00129,GT,n,3.0,1,97.6
00129,GT,n,5.0,2,75.982
00130,SE,n,0.0,2,1173.8825000000002
00130,SE,n,1.0,1,5576.854
00130,SE,n,3.0,2,1366.1770000000001
00130,SE,n,4.0,1,1248.612
00131,GT,1,2.0,1,26.183
00132,GT,1,2.0,1,75.188
00136,GT,1,5.0,1,115.608
00136,GT,1,6.0,1,87.293
00152,GT,A,0.0,7,1694.9441428571429
00152,GT,A,1.0,32,119.8671875
00152,GT,A,2.0,31,372.9294451612903
00152,GT,A,3.0,17,2336.147588235294
00152,GT,A,4.0,16,228.7290975
00152,GT,A,5.0,32,1211.7976675
00152,GT,A,6.0,28,108.87985142857143
00153,GT,1,0.0,6,351.21433333333334
00153,GT,1,1.0,4,162.74175
00153,GT,1,3.0,5,140.7044
00153,GT,1,4.0,2,126.5715
00153,GT,1,5.0,7,221.88371428571432
00153,GT,1,6.0,13,142.69276923076924
00154,GT,A,0.0,12,79.3345
00154,GT,A,1.0,38,120.47055263157895
00154,GT,A,2.0,13,501.5486923076923
00154,GT,A,3.0,6,131.76500000000001
00154,GT,A,4.0,2,86.65
00154,GT,A,5.0,12,195.78441666666666
00154,GT,A,6.0,31,58.089838709677416
00155,GT,A,0.0,6,176.30016666666666
00155,GT,A,1.0,27,1417.5135185185188
00155,GT,A,2.0,6,366.6945
00155,GT,A,3.0,2,23.070999999999998
00155,GT,A,4.0,1,150.0
00155,GT,A,5.0,2,45.959
00155,GT,A,6.0,28,211.7435714285714
00156,GT,A,0.0,3,85.92
00156,GT,A,1.0,35,34.45814285714286
00156,GT,A,2.0,11,571.2471818181818
00156,GT,A,3.0,7,131.06914285714285
00156,GT,A,4.0,8,5495.247625
00156,GT,A,5.0,28,153.87982142857143
00156,GT,A,6.0,33,252.15003030303026
00157,GT,A,2.0,1,103.163
00157,GT,A,3.0,5,546.8564
00157,GT,A,4.0,2,1063.54
00157,GT,A,5.0,4,65.87375
00157,GT,A,6.0,10,60.7173
00158,GT,A,0.0,3,1137.076
00158,GT,A,1.0,1,326.922
00158,GT,A,2.0,17,15452.652352941179
00158,GT,A,3.0,11,477.3826363636363
00158,GT,A,4.0,17,3183.1492352941177
00158,GT,A,5.0,15,671.9843333333333
00158,GT,A,6.0,8,822.884625
00159,GT,A,0.0,1,42.213
00159,GT,A,4.0,1,41.228
00159,GT,A,5.0,2,425.8985
00159,GT,A,6.0,1,378.12
00160,GT,A,0.0,4,331.4235
00160,GT,A,1.0,28,260.7217857142857
00160,GT,A,2.0,9,3209.8625555555554
00160,GT,A,3.0,4,270.24975
00160,GT,A,4.0,2,201.0665
00160,GT,A,6.0,21,181.26438095238095
00161,GT,A,0.0,4,64.67
00161,GT,A,1.0,25,94.1942
00161,GT,A,2.0,4,47.02925
00161,GT,A,3.0,5,81.6162
00161,GT,A,5.0,5,64.4788
00161,GT,A,6.0,15,103.0036
00162,GT,A,0.0,1,223.721
00162,GT,A,1.0,17,36.04594117647059
00162,GT,A,2.0,1,41.324
00162,GT,A,6.0,12,33.10366666666667
00163,GT,A,0.0,1,24.004
00163,GT,A,1.0,8,46.673875
00163,GT,A,5.0,1,71.422
00163,GT,A,6.0,10,24.153200000000002
00164,GT,A,0.0,1,134.01
00164,GT,A,1.0,1,138.307
00164,GT,A,2.0,1,87.519
00164,GT,A,5.0,1,960.223
00165,GT,A,0.0,2,17.1875
00165,GT,A,1.0,22,23.23468181818182
00165,GT,A,2.0,2,22.9265
00165,GT,A,5.0,2,125.987
00165,GT,A,6.0,9,39.328111111111106
00166,GT,A,2.0,1,385.502
00166,GT,A,3.0,3,246.71633333333332
00166,GT,A,5.0,1,713.658
00167,GT,A,0.0,13,150.2906923076923
00167,GT,A,1.0,20,113.14375
00167,GT,A,2.0,11,128.62345454545454
00167,GT,A,3.0,7,276.29585714285713
00167,GT,A,4.0,3,286.4096666666667
00167,GT,A,5.0,13,270.2443846153846
00167,GT,A,6.0,10,58.355999999999995
00168,SE,A,0.0,1,109.688
00168,SE,A,1.0,4,67.53275000000001
00168,SE,A,2.0,1,224.947
00168,SE,A,3.0,3,76.281
00168,SE,A,4.0,1,130.402
00168,SE,A,5.0,2,37.963
00169,SE,A,0.0,6,182.2195
00169,SE,A,1.0,1,116.088
00169,SE,A,2.0,6,104.99033333333334
00169,SE,A,3.0,5,147.8928
00169,SE,A,4.0,1,28.054
00169,SE,A,5.0,4,153.99775
00169,SE,A,6.0,3,159.29233333333335
00170,SE,A,0.0,2,135.906
00170,SE,A,1.0,2,71.804
00170,SE,A,2.0,4,97.30199999999999
00170,SE,A,3.0,3,72.59633333333333
00170,SE,A,4.0,2,74.7055
00170,SE,A,5.0,3,125.96933333333334
00171,SE,A,1.0,1,160.494
00171,SE,A,2.0,1,154.991
00171,SE,A,5.0,2,674.0084999999999
00171,SE,A,6.0,1,110.284
00172,SE,A,0.0,2,65.7335
00172,SE,A,1.0,1,34.699
00172,SE,A,2.0,1,472.046
00172,SE,A,3.0,2,46.510999999999996
00172,SE,A,4.0,2,39.089
00172,SE,A,5.0,4,87.294
00172,SE,A,6.0,1,110.284
00173,SE,A,1.0,1,87.445
00173,SE,A,2.0,1,141.135
00174,SE,A,0.0,7,214.32442857142857
00174,SE,A,1.0,6,109.13499999999999
00174,SE,A,2.0,8,228.823625
00174,SE,A,3.0,12,248.45458333333332
00174,SE,A,4.0,2,727.9300000000001
00174,SE,A,5.0,6,113.38033333333334
00175,SE,A,2.0,2,104.5255
00175,SE,A,3.0,1,32.663
00176,SE,A,0.0,1,27.034
00176,SE,A,1.0,2,51.9765
00176,SE,A,3.0,2,42.791
00176,SE,A,4.0,2,171.3195
00176,SE,A,5.0,4,128.4025
00177,SE,A,0.0,1,352.282
00177,SE,A,1.0,1,226.371
00177,SE,A,2.0,1,128.604
00177,SE,A,3.0,2,69.2225
00177,SE,A,5.0,2,221.086
00177,SE,A,6.0,1,206.636
00178,SE,A,0.0,1,51.926
00178,SE,A,1.0,1,62.114
00178,SE,A,2.0,1,38.375
00178,SE,A,4.0,1,189.572
00178,SE,A,5.0,1,172.747
00180,GT,A,5.0,1,222.912
00181,GT,A,0.0,44,132.33534090909092
00181,GT,A,1.0,1,98.116
00181,GT,A,2.0,44,166.44588636363636
00181,GT,A,5.0,1,116.088
00181,GT,A,6.0,8,159.7615
00184,GT,A,0.0,23,60.35291304347826
00184,GT,A,2.0,10,84.9408
00184,GT,A,6.0,1,83.737
00185,GT,A,2.0,1,38.153
00188,GT,A,0.0,7,57.71857142857142
00188,GT,A,2.0,8,74.97987499999999
00188,GT,A,5.0,1,110.284
00188,GT,A,6.0,3,100.23466666666667
00189,GT,A,0.0,19,134.23084210526315
00189,GT,A,2.0,20,109.33585000000001
00189,GT,A,6.0,7,127.64
00190,GT,A,0.0,14,53.14457142857143
00190,GT,A,1.0,2,30.146
00190,GT,A,2.0,31,80.44138709677419
00190,GT,A,3.0,2,46.6875
00190,GT,A,4.0,1,41.91
00190,GT,A,5.0,3,41.773
00190,GT,A,6.0,3,72.718
00191,GT,A,0.0,20,117.559
00191,GT,A,1.0,3,73.44266666666667
00191,GT,A,2.0,12,188.18183333333332
00191,GT,A,3.0,1,395.25
00191,GT,A,5.0,1,116.088
00191,GT,A,6.0,7,219.3235714285714
00192,GT,A,0.0,16,54.1546875
00192,GT,A,1.0,2,105.2515
00192,GT,A,2.0,18,45.486333333333334
00192,GT,A,3.0,2,83.6905
00192,GT,A,4.0,1,51.575
00192,GT,A,5.0,1,181.0
00192,GT,A,6.0,1,23.188
00194,GT,A,1.0,4,36.90925
00194,GT,A,2.0,22,53.87286363636363
00194,GT,A,3.0,1,42.213
00194,GT,A,4.0,20,40.41435
00195,GT,A,0.0,1,42.24
00195,GT,A,1.0,2,213.16750000000002
00195,GT,A,2.0,16,46.66625
00195,GT,A,3.0,2,39.958
00195,GT,A,4.0,20,47.57025
00196,GT,A,1.0,1,24.349
00196,GT,A,2.0,6,31.33566666666667
00196,GT,A,4.0,6,51.935833333333335
00197,GT,A,2.0,7,35.76457142857143
00197,GT,A,4.0,3,29.949666666666662
00198,SE,A,0.0,2,125.02
00198,SE,A,1.0,1,112.569
00198,SE,A,2.0,30,283.9145
00198,SE,A,3.0,4,179.17275
00198,SE,A,4.0,4,192.471
00198,SE,A,5.0,4,309.75225
00199,GT,A,1.0,3,41.92766666666667
00199,GT,A,2.0,6,70.8805
00199,GT,A,3.0,2,109.8965
00199,GT,A,4.0,3,79.35233333333333
00199,GT,A,6.0,1,116.088
00200,GT,A,0.0,1,186.366
00200,GT,A,1.0,3,83.06466666666667
00200,GT,A,2.0,12,92.93599999999999
00200,GT,A,3.0,3,153.41133333333335
00200,GT,A,4.0,16,102.552125
00200,GT,A,5.0,3,154.088
00200,GT,A,6.0,4,88.60675
00201,GT,A,1.0,1,85.452
00201,GT,A,2.0,12,62.70008333333333
00201,GT,A,4.0,9,42.31677777777778
00201,GT,A,5.0,1,26.236
00202,GT,A,1.0,1,67.731
00202,GT,A,3.0,4,55.10925
00202,GT,A,5.0,1,113.137
00203,GT,A,2.0,4,232.59375
00203,GT,A,3.0,12,115.76408333333335
00203,GT,A,5.0,18,128.0883888888889
00204,GT,A,2.0,5,92.3984
00204,GT,A,3.0,9,117.37788888888889
00204,GT,A,4.0,1,25.194
00204,GT,A,5.0,9,83.6018888888889
00205,GT,A,0.0,4,43.94925
00205,GT,A,1.0,4,42.045
00205,GT,A,2.0,9,49.453111111111106
00205,GT,A,3.0,7,44.90328571428571
00205,GT,A,4.0,2,117.5835
00205,GT,A,5.0,19,67.66273684210528
00205,GT,A,6.0,4,56.033249999999995
00207,GT,A,2.0,3,67.97033333333333
00207,GT,A,3.0,5,118.4562
00207,GT,A,5.0,6,94.8155
00208,GT,A,0.0,3,118.28300000000002
00208,GT,A,2.0,10,127.66279999999999
00208,GT,A,3.0,7,166.60671428571428
00208,GT,A,5.0,4,149.921
00208,GT,A,6.0,1,40.426
00209,GT,A,1.0,3,54.82066666666666
00209,GT,A,3.0,6,35.80283333333333
00209,GT,A,5.0,10,86.92280000000001
00209,GT,A,6.0,1,57.097
00213,GT,A,2.0,1,37.676
00213,GT,A,3.0,5,104.5196
00214,GT,A,1.0,1,22.787
00214,GT,A,2.0,6,216.0331666666667
00214,GT,A,3.0,21,168.59009523809524
00214,GT,A,5.0,26,107.60823076923076
00214,GT,A,6.0,1,158.765
00215,GT,A,3.0,12,235.36433333333332
00215,GT,A,5.0,3,125.17166666666667
00216,GT,A,5.0,1,161.029
00217,GT,A,0.0,13,87.68484615384615
00217,GT,A,1.0,9,118.77011111111112
00217,GT,A,2.0,10,94.466
00217,GT,A,3.0,5,59.319
00217,GT,A,4.0,6,97.74633333333334
00217,GT,A,5.0,6,58.33766666666667
00217,GT,A,6.0,8,47.9775
00219,GT,A,0.0,19,82.48515789473684
00219,GT,A,1.0,2,35.3945
00219,GT,A,2.0,1,110.284
00219,GT,A,3.0,1,68.782
00219,GT,A,4.0,2,59.5245
00219,GT,A,5.0,9,62.60966666666666
00219,GT,A,6.0,1,52.047
00220,GT,A,0.0,1,25.092
00221,GT,A,0.0,16,37.60475
00221,GT,A,5.0,1,42.213
00223,GT,A,0.0,2,22.0935
00223,GT,A,1.0,2,83.0515
00225,,A,0.0,9,50.24888888888889
00225,,A,1.0,1,187.169
00225,,A,5.0,1,23.699
00226,GT,A,4.0,1,58.855
00227,,A,0.0,2,536.933
00227,,A,1.0,3,311.99766666666665
00227,,A,4.0,1,46.418
00227,,A,5.0,5,129.8834
00227,,A,6.0,1,137.643
00228,,A,0.0,2,90.244
00228,,A,1.0,27,91.16203703703704
00228,,A,3.0,4,63.307
00228,,A,5.0,9,76.93811111111111
00228,,A,6.0,18,106.82444444444444
00229,,A,0.0,1,62.0
00229,,A,1.0,28,123.45778571428572
00229,,A,2.0,1,23.837
00229,,A,5.0,7,63.24128571428571
00229,,A,6.0,14,82.14964285714287
00230,,A,1.0,2,69.35
00230,,A,6.0,1,34.279
00231,,A,1.0,12,122.51308333333333
00231,,A,4.0,1,68.785
00231,,A,5.0,4,258.51875
00231,,A,6.0,15,196.16926666666666
00232,,A,1.0,9,91.04644444444445
00232,,A,4.0,1,100.783
00232,,A,5.0,6,158.64
00232,,A,6.0,17,153.8820588235294
00233,,A,1.0,34,215.47673529411765
00233,,A,2.0,2,180.7745
00233,,A,3.0,3,167.87266666666667
00233,,A,4.0,1,41.0
00233,,A,5.0,15,238.9042
00233,,A,6.0,42,200.55442857142856
00234,,A,0.0,1,36.618
00234,,A,1.0,30,210.35176666666666
00234,,A,2.0,2,92.26899999999999
00234,,A,3.0,7,54.863
00234,,A,4.0,2,29.9465
00234,,A,5.0,18,139.28905555555556
00234,,A,6.0,22,128.6245909090909
00235,GT,A,4.0,1,44.501
00235,GT,A,6.0,2,135.016
00236,GT,A,0.0,1,114.134
00236,GT,A,1.0,1,37.676
00236,GT,A,2.0,12,128.30841666666666
00236,GT,A,3.0,1,84.384
00236,GT,A,5.0,2,41.685
00237,GT,A,2.0,30,102.91156666666666
00237,GT,A,4.0,3,128.06466666666665
00237,GT,A,5.0,5,58.7332
00238,GT,A,5.0,1,164.68
00239,GT,A,2.0,11,86.52990909090909
00239,GT,A,3.0,1,31.171
00240,GT,A,3.0,1,121.671
00240,GT,A,6.0,1,12.596
00241,GT,A,0.0,2,291.7745
00241,GT,A,4.0,1,222.937
00241,GT,A,5.0,1,147.436
00242,GT,A,1.0,1,291.335
00242,GT,A,2.0,3,117.82266666666668
00242,GT,A,3.0,1,243.173
00242,GT,A,5.0,2,234.426
00242,GT,A,6.0,1,19.906
00243,GT,A,1.0,1,36.996
00243,GT,A,3.0,1,68.276
00243,GT,A,5.0,1,99.532
00244,GT,A,4.0,1,43.512
00245,GT,A,2.0,1,31.03
00245,GT,A,3.0,1,35.546
00245,GT,A,5.0,1,30.614
00246,GT,A,0.0,5,289.3372
00246,GT,A,1.0,9,287.4387777777778
00246,GT,A,2.0,8,185.96625
00246,GT,A,3.0,11,265.36545454545455
00246,GT,A,4.0,3,374.21233333333333
00246,GT,A,5.0,4,488.46575
00246,GT,A,6.0,4,144.92875
00248,GT,A,4.0,1,38.153
00249,GT,A,2.0,5,50.5766
00249,GT,A,3.0,1,86.228
00249,GT,A,4.0,3,73.38466666666666
00252,GT,A,0.0,1,185.576
00252,GT,A,2.0,1,50.494
00252,GT,A,3.0,2,25.247
00252,GT,A,4.0,1,243.133
00252,GT,A,5.0,5,65.282
00253,GT,A,3.0,5,30.9874
00253,GT,A,5.0,15,54.3238
00255,GT,A,2.0,2,40.0425
00255,GT,A,3.0,1,40.395
00255,GT,A,5.0,8,43.11025
00256,GT,A,3.0,8,60.42725
00256,GT,A,5.0,7,103.05514285714285
00257,GT,A,3.0,9,58.38855555555555
00257,GT,A,5.0,11,82.60190909090909
00258,GT,A,1.0,3,122.92566666666666
00258,GT,A,2.0,6,122.91333333333334
00258,GT,A,3.0,18,64.66233333333334
00258,GT,A,4.0,1,128.296
00258,GT,A,5.0,20,66.6671
00259,GT,A,2.0,1,54.242
00259,GT,A,3.0,12,39.605916666666666
00259,GT,A,5.0,18,31.699444444444445
00260,GT,A,0.0,1,35.098
00260,GT,A,5.0,3,57.330000000000005
00261,GT,A,3.0,4,34.123
00261,GT,A,5.0,13,75.62838461538462
00262,GT,A,0.0,1,26.49
00262,GT,A,4.0,1,15.014
00262,GT,A,5.0,1,17.09
00264,GT,A,1.0,1,16.022
00264,GT,A,2.0,1,49.446
00264,GT,A,4.0,2,19.509
00264,GT,A,5.0,2,53.455000000000005
00265,GT,A,1.0,1,55.389
00265,GT,A,5.0,1,26.778
00266,GT,A,5.0,1,128.028
00267,GT,A,5.0,2,38.9675
00268,GT,A,0.0,1,70.568
00268,GT,A,3.0,1,12.596
00268,GT,A,6.0,1,38.583
00269,GT,A,2.0,1,8.671
00269,GT,A,3.0,3,43.72
00269,GT,A,5.0,10,33.7672
00286,GT,A,0.0,1,37.676
00287,GT,A,0.0,2,52.721000000000004
00287,GT,A,1.0,3,38.449999999999996
00287,GT,A,6.0,1,74.955
00288,GT,A,0.0,2,19.9155
00288,GT,A,1.0,1,110.284
00288,GT,A,5.0,2,24.191
00288,GT,A,6.0,1,33.112
00289,GT,A,0.0,8,130.09775
00289,GT,A,1.0,1,398.706
00289,GT,A,2.0,2,129.7885
00289,GT,A,3.0,2,181.58499999999998
00289,GT,A,4.0,4,102.57849999999999
00289,GT,A,5.0,2,290.33050000000003
00289,GT,A,6.0,2,67.6645
00292,GT,A,5.0,1,20.275
00295,GT,A,0.0,21,47.19704761904762
00295,GT,A,2.0,1,42.213
00295,GT,A,5.0,19,42.008842105263156
00298,GT,A,0.0,1,19.906
00299,GT,A,2.0,1,68.782
00299,GT,A,5.0,1,9.905
004251,GT,A,6.0,1,73.994
004254,GT,A,0.0,10,42.731199999999994
004254,GT,A,2.0,11,72.77845454545455
004254,GT,A,5.0,1,40.395
00462,GT,1,0.0,1,27.616
00462,GT,1,1.0,1,69.875
00462,GT,1,2.0,1,54.411
00462,GT,1,5.0,1,52.047
00462,GT,1,6.0,2,400.592
00546,GT,n,0.0,6,94.82216666666666
00546,GT,n,1.0,12,114.71166666666666
00546,GT,n,2.0,6,73.71916666666667
00546,GT,n,3.0,8,84.18975
00546,GT,n,4.0,4,206.56725
00546,GT,n,5.0,8,83.624875
00546,GT,n,6.0,13,105.01169230769231
006396,GT,A,0.0,2,125.8005
006396,GT,A,1.0,4,154.26525
006396,GT,A,2.0,2,208.0005
006396,GT,A,6.0,1,140.193
00677,SE,1,0.0,6,136.58533333333332
00677,SE,1,1.0,14,272.38964285714286
00677,SE,1,2.0,23,135.97730434782608
00677,SE,1,3.0,10,202.3125
00677,SE,1,4.0,4,252.289
00677,SE,1,5.0,14,243.222
00677,SE,1,6.0,5,200.5158
00756,SE,n,0.0,2,1610.137
00756,SE,n,1.0,7,679.9038571428572
00756,SE,n,2.0,2,291.2935
00756,SE,n,3.0,2,536.2155
00756,SE,n,4.0,2,3521.844
00756,SE,n,5.0,1,64.03
00756,SE,n,6.0,1,715.078
00773,SE,1,0.0,1,80.66
00773,SE,1,1.0,1,188.692
00773,SE,1,3.0,1,24.004
00773,SE,1,4.0,1,285.774
00795,GT,n,0.0,2,51.2705
00795,GT,n,1.0,4,50.16525
00831,GT,A,3.0,1,110.284
00831,GT,A,4.0,1,37.676
00831,GT,A,5.0,3,63.048333333333325
00833,GT,A,0.0,6,70.20216666666666
00833,GT,A,1.0,1,18.257
00833,GT,A,5.0,11,41.659454545454544
00834,GT,A,0.0,7,51.590714285714284
00834,GT,A,3.0,1,25.194
00834,GT,A,5.0,7,37.664142857142856
00835,GT,A,0.0,8,47.601375000000004
00835,GT,A,2.0,1,10.301
00835,GT,A,4.0,4,147.44275
00835,GT,A,5.0,17,40.657294117647055
00836,GT,A,0.0,29,63.44655172413793
00836,GT,A,2.0,1,26.236
00836,GT,A,4.0,6,122.06716666666667
00836,GT,A,5.0,28,35.235571428571426
00837,GT,A,5.0,1,42.213
00838,GT,A,0.0,19,47.712526315789475
00838,GT,A,4.0,3,76.18533333333333
00838,GT,A,5.0,25,39.156800000000004
00839,GT,A,0.0,23,48.44430434782609
00839,GT,A,1.0,6,96.94283333333333
00839,GT,A,3.0,2,232.24
00839,GT,A,4.0,1,92.537
00839,GT,A,5.0,26,60.757384615384616
00839,GT,A,6.0,1,70.568
00840,GT,A,0.0,4,95.34125
00840,GT,A,1.0,1,61.853
00840,GT,A,2.0,4,53.1425
00840,GT,A,3.0,2,152.4905
00840,GT,A,5.0,3,126.926
00841,GT,A,0.0,1,103.163
00841,GT,A,2.0,1,16.022
00841,GT,A,4.0,1,74.955
00843,GT,A,1.0,1,87.636
00843,GT,A,5.0,2,156.659
00843,GT,A,6.0,2,409.55
00844,GT,A,0.0,2,388.52750000000003
00844,GT,A,1.0,5,178.2588
00844,GT,A,2.0,6,328.468
00844,GT,A,3.0,10,79.615
00844,GT,A,4.0,2,50.7545
00844,GT,A,5.0,22,166.47131818181816
00849,GT,A,0.0,10,37.7847
00849,GT,A,5.0,11,84.97290909090908
00849,GT,A,6.0,8,150.83375
00850,GT,A,0.0,11,56.56554545454546
00850,GT,A,5.0,2,24.3955
00850,GT,A,6.0,1,54.242
00853,GT,A,0.0,1,71.422
00853,GT,A,1.0,2,247.3975
00853,GT,A,5.0,10,90.7356
00853,GT,A,6.0,2,121.42150000000001
00854,GT,A,5.0,1,168.724
00855,GT,A,0.0,2,98.9255
00855,GT,A,5.0,1,8.216
00856,GT,A,0.0,8,41.985875
00856,GT,A,5.0,5,82.53020000000001
00856,GT,A,6.0,2,44.67
00857,GT,A,0.0,7,39.98085714285714
00857,GT,A,5.0,10,104.9236
00857,GT,A,6.0,4,38.26975
00859,GT,A,0.0,7,65.50528571428572
00859,GT,A,6.0,1,33.112
00860,GT,A,0.0,10,48.6853
00860,GT,A,1.0,1,68.789
00860,GT,A,5.0,10,121.54390000000001
00860,GT,A,6.0,3,78.149
00862,GT,A,0.0,12,86.13125000000001
00862,GT,A,1.0,35,126.45611428571428
00862,GT,A,2.0,3,63.56633333333334
00862,GT,A,3.0,1,103.163
00862,GT,A,4.0,1,165.304
00862,GT,A,5.0,3,100.22833333333334
00862,GT,A,6.0,28,93.58753571428572
00863,GT,A,6.0,1,24.349
00867,GT,A,0.0,6,80.78666666666668
00867,GT,A,1.0,1,57.097
00867,GT,A,2.0,4,154.98075
00867,GT,A,5.0,1,68.441
00867,GT,A,6.0,2,36.9295
00868,GT,A,0.0,7,68.10314285714286
00868,GT,A,1.0,9,31.415000000000003
00868,GT,A,3.0,4,45.20975
00869,GT,A,0.0,2,68.215
00869,GT,A,1.0,6,45.131499999999996
00869,GT,A,3.0,3,157.49066666666667
00870,GT,A,2.0,1,48.591
00870,GT,A,3.0,4,91.432
00870,GT,A,5.0,10,96.49719999999999
00871,GT,A,1.0,1,177.386
00871,GT,A,3.0,1,29.853
00873,GT,A,0.0,9,126.14499999999998
00873,GT,A,1.0,1,178.503
00873,GT,A,2.0,3,66.536
00873,GT,A,3.0,1,186.536
00873,GT,A,5.0,1,50.494
00874,GT,A,0.0,4,113.4435
00874,GT,A,1.0,12,88.02258333333333
00874,GT,A,2.0,5,46.1842
00874,GT,A,3.0,4,50.561
00874,GT,A,4.0,4,321.27774999999997
00874,GT,A,5.0,8,120.539875
00874,GT,A,6.0,14,77.74814285714285
00875,GT,A,0.0,1,70.568
00877,GT,A,0.0,1,36.996
00877,GT,A,2.0,1,55.232
00878,GT,A,3.0,1,68.782
00878,GT,A,5.0,2,80.628
00878,GT,A,6.0,2,48.7275
00879,GT,A,1.0,1,12.624
00879,GT,A,3.0,1,278.894
00881,GT,A,0.0,1,80.998
00881,GT,A,1.0,1,8.671
00881,GT,A,2.0,2,61.29
00881,GT,A,3.0,9,40.357
00881,GT,A,5.0,24,24.64254166666667
00882,GT,A,0.0,1,59.848
00882,GT,A,1.0,1,34.699
00882,GT,A,2.0,1,9.128
00882,GT,A,5.0,1,9.128
00883,GT,A,0.0,1,33.893
00883,GT,A,1.0,4,57.215
00883,GT,A,3.0,21,121.63076190476191
00885,GT,A,0.0,2,295.303
00885,GT,A,1.0,12,65.68383333333334
00885,GT,A,2.0,3,167.381
00885,GT,A,3.0,24,91.7185
00887,GT,A,0.0,1,118.789
00887,GT,A,1.0,3,51.526
00888,GT,A,0.0,5,130.5752
00888,GT,A,2.0,12,97.91525
00888,GT,A,3.0,1,31.171
00888,GT,A,4.0,1,199.354
00889,GT,A,2.0,2,127.5095
00889,GT,A,5.0,2,153.4855
00890,GT,A,0.0,3,31.09166666666667
00890,GT,A,1.0,3,70.84866666666666
00890,GT,A,2.0,2,32.65
00890,GT,A,3.0,1,12.596
00890,GT,A,4.0,2,42.463
00890,GT,A,5.0,1,116.904
00891,GT,A,1.0,1,172.511
00891,GT,A,2.0,1,23.837
00892,GT,A,0.0,9,49.22833333333333
00892,GT,A,6.0,2,75.355
00894,SE,A,0.0,2,43.9295
00894,SE,A,1.0,3,98.06333333333333
00894,SE,A,2.0,6,79.24316666666667
00894,SE,A,5.0,3,131.104
00901,GT,A,0.0,1,30.037
00901,GT,A,1.0,23,37.99026086956522
00901,GT,A,5.0,2,73.0555
00901,GT,A,6.0,17,49.35535294117647
00903,GT,A,0.0,4,46.51825
00903,GT,A,1.0,3,33.416666666666664
00903,GT,A,2.0,6,45.674
00903,GT,A,3.0,12,64.99033333333334
00903,GT,A,5.0,16,61.38275
00903,GT,A,6.0,1,171.049
00904,GT,A,0.0,12,57.41216666666667
00904,GT,A,5.0,9,40.03022222222222
00905,GT,A,0.0,14,107.28664285714285
00905,GT,A,4.0,3,69.30066666666666
00905,GT,A,5.0,14,39.27607142857143
00907,GT,A,0.0,2,46.976
00907,GT,A,3.0,1,21.119
00908,GT,A,0.0,1,54.852
00908,GT,A,1.0,15,37.0416
00908,GT,A,4.0,1,23.699
00908,GT,A,5.0,2,44.379000000000005
00908,GT,A,6.0,10,40.9292
00912,GT,A,0.0,1,75.188
00912,GT,A,1.0,14,64.53378571428571
00912,GT,A,4.0,1,26.887
00912,GT,A,5.0,4,88.03575000000001
00912,GT,A,6.0,9,69.4928888888889
00913,GT,A,0.0,17,54.15847058823529
00913,GT,A,1.0,3,153.169
00913,GT,A,2.0,3,61.311
00913,GT,A,3.0,1,42.554
00913,GT,A,4.0,4,39.178
00913,GT,A,5.0,16,46.7725625
00917,GT,A,1.0,21,39.408476190476186
00917,GT,A,2.0,1,55.938
00917,GT,A,3.0,2,49.655
00917,GT,A,5.0,3,33.53933333333333
00917,GT,A,6.0,18,41.88155555555556
00918,SE,A,0.0,2,84.191
00918,SE,A,1.0,2,132.4285
00918,SE,A,2.0,6,79.27216666666668
00918,SE,A,3.0,2,49.846000000000004
00918,SE,A,5.0,2,46.888
00918,SE,A,6.0,2,47.713
00919,GT,A,3.0,8,26.242624999999997
00919,GT,A,5.0,23,33.98926086956522
00920,GT,A,0.0,21,48.87138095238095
00920,GT,A,1.0,2,33.1525
00920,GT,A,5.0,6,43.500166666666665
00920,GT,A,6.0,1,48.698
00924,GT,A,0.0,5,61.4394
00924,GT,A,2.0,5,55.9662
00924,GT,A,6.0,1,24.349
00927,GT,A,2.0,3,40.25333333333333
00928,GT,A,5.0,1,25.194
00936,GT,A,0.0,3,107.43066666666668
00936,GT,A,1.0,1,79.004
00937,GT,A,0.0,7,48.04842857142857
00937,GT,A,2.0,11,52.715
00938,GT,A,4.0,4,66.94125
00941,GT,A,5.0,2,31.817999999999998
00942,GT,A,0.0,3,33.428666666666665
00943,GT,A,1.0,5,20.6716
00943,GT,A,3.0,5,65.96459999999999
00944,SE,A,5.0,2,25.445999999999998
00945,SE,A,0.0,1,71.728
00945,SE,A,1.0,1,342.074
00945,SE,A,3.0,1,19.332
00945,SE,A,4.0,1,71.728
00946,SE,A,0.0,1,50.387
00946,SE,A,2.0,4,119.11375
00946,SE,A,4.0,1,23.699
00948,SE,A,2.0,2,64.342
00949,SE,A,0.0,3,189.01333333333335
00949,SE,A,1.0,1,119.282
00949,SE,A,2.0,1,295.91
00949,SE,A,3.0,2,123.609
00950,GT,A,1.0,1,18.364
00951,SE,A,0.0,1,28.695
00952,SE,A,1.0,1,99.722
00952,SE,A,2.0,1,295.91
00954,SE,A,0.0,3,92.726
00954,SE,A,2.0,3,102.04133333333334
00954,SE,A,3.0,3,32.937666666666665
00954,SE,A,4.0,1,167.873
00954,SE,A,5.0,1,80.111
00955,SE,A,0.0,4,179.73000000000002
00955,SE,A,1.0,2,84.5095
00955,SE,A,2.0,2,228.119
00955,SE,A,3.0,5,181.9288
00955,SE,A,4.0,1,176.835
00955,SE,A,5.0,4,192.32375000000002
00955,SE,A,6.0,2,90.522
00956,SE,1,0.0,4,140.62725
00956,SE,1,1.0,3,87.10199999999999
00956,SE,1,2.0,3,43.019
00956,SE,1,3.0,5,128.8572
00956,SE,1,4.0,2,83.30099999999999
00956,SE,1,5.0,4,196.10175000000004
00956,SE,1,6.0,4,229.1655
00957,SE,A,0.0,1,65.325
00958,GT,A,1.0,2,68.295
00959,GT,A,0.0,2,164.0515
00959,GT,A,1.0,31,183.06232258064514
00959,GT,A,2.0,3,225.01366666666664
00959,GT,A,3.0,3,67.70833333333333
00959,GT,A,4.0,1,54.242
00959,GT,A,5.0,4,102.84475
00959,GT,A,6.0,15,180.2058
00960,SE,A,0.0,1,9.128
00960,SE,A,6.0,1,48.698
00962,SE,A,1.0,1,79.33
00962,SE,A,2.0,1,56.792
00962,SE,A,3.0,1,12.596
00962,SE,A,4.0,1,52.047
00962,SE,A,6.0,1,68.022
00963,SE,A,1.0,1,165.065
00963,SE,A,2.0,2,68.798
00963,SE,A,3.0,4,61.314750000000004
00964,SE,A,2.0,1,24.349
00965,GT,A,2.0,1,83.737
00965,GT,A,4.0,1,25.894
00967,SE,A,0.0,2,89.72749999999999
00967,SE,A,1.0,1,26.512
00967,SE,A,2.0,1,217.446
00967,SE,A,3.0,2,159.118
00967,SE,A,4.0,1,62.114
00967,SE,A,5.0,1,216.615
00968,GT,A,0.0,2,21.064999999999998
00968,GT,A,1.0,1,87.445
00968,GT,A,5.0,8,46.408
00968,GT,A,6.0,1,57.804
00976,SE,A,3.0,1,23.837
00976,SE,A,4.0,3,46.321
00976,SE,A,6.0,2,32.555
00977,SE,A,0.0,8,155.841875
00977,SE,A,1.0,3,243.263
00977,SE,A,2.0,13,136.07392307692308
00977,SE,A,3.0,3,185.14333333333332
00977,SE,A,4.0,5,222.48719999999997
00977,SE,A,5.0,13,139.91792307692307
00977,SE,A,6.0,4,104.2425
00978,GT,A,0.0,1,202.133
00978,GT,A,1.0,3,64.82666666666665
00978,GT,A,2.0,11,65.58909090909091
00978,GT,A,4.0,22,48.73668181818182
00978,GT,A,5.0,1,94.773
00979,SE,A,1.0,1,513.121
00980,GT,A,1.0,3,42.80433333333334
00980,GT,A,3.0,2,121.179
00981,GT,A,3.0,1,3287.438
00987,SE,A,0.0,1,13.444
00987,SE,A,1.0,3,71.25933333333334
00987,SE,A,2.0,2,80.5715
00987,SE,A,3.0,2,65.095
00988,SE,A,0.0,2,89.089
00988,SE,A,1.0,6,191.2805
00988,SE,A,2.0,7,160.38014285714286
00988,SE,A,3.0,4,223.968
00988,SE,A,4.0,1,254.446
00988,SE,A,5.0,6,173.5625
00988,SE,A,6.0,2,51.530499999999996
00991,SE,A,4.0,1,78.609
00992,SE,A,4.0,1,62.632
00992,SE,A,6.0,1,8.243
00994,SE,A,0.0,2,147.735
00994,SE,A,1.0,1,115.127
00994,SE,A,2.0,3,83.71866666666666
00994,SE,A,3.0,2,135.425
00994,SE,A,6.0,1,179.918
00995,GT,A,4.0,1,184.657
00996,GT,A,0.0,1,38.153
00997,GT,A,0.0,6,55.56366666666667
00997,GT,A,1.0,2,78.2595
00997,GT,A,5.0,14,50.816071428571426
00998,GT,A,0.0,13,50.667923076923074
00998,GT,A,1.0,2,97.01299999999999
00998,GT,A,3.0,2,54.394499999999994
00998,GT,A,4.0,3,42.794000000000004
00998,GT,A,5.0,14,53.393214285714286
00999,GT,A,5.0,1,50.362
01117,GT,1,0.0,4,273.219
01117,GT,1,1.0,2,499.20550000000003
01117,GT,1,2.0,4,109.71700000000001
01117,GT,1,3.0,3,138.47299999999998
01117,GT,1,4.0,3,425.88466666666665
01117,GT,1,5.0,4,170.5035
01201,GT,n,0.0,1,87.079
01201,GT,n,3.0,1,21.423
01201,GT,n,4.0,1,158.883
01201,GT,n,5.0,1,23.272
01202,GT,n,4.0,2,84.1645
01202,GT,n,5.0,2,59.3405
01203,SE,n,4.0,1,36.996
01206,SE,n,0.0,1,116.088
01206,SE,n,4.0,1,71.728
01208,GT,n,0.0,14,62.717285714285715
01208,GT,n,1.0,8,55.625249999999994
01208,GT,n,2.0,4,244.70499999999998
01208,GT,n,3.0,6,98.78233333333333
01208,GT,n,4.0,1,130.129
01208,GT,n,5.0,9,52.19411111111112
01208,GT,n,6.0,4,35.80075
01209,,n,0.0,3,92.496
01209,,n,1.0,2,94.824
01209,,n,2.0,9,112.46244444444444
01209,,n,3.0,4,36.38675
01209,,n,4.0,2,92.1485
01209,,n,5.0,7,47.71
01209,,n,6.0,3,31.334666666666667
01210,GT,n,0.0,5,42.148399999999995
01210,GT,n,1.0,9,43.028
01210,GT,n,2.0,5,48.6722
01210,GT,n,3.0,7,81.97128571428571
01210,GT,n,5.0,5,116.431
01210,GT,n,6.0,4,107.62
01211,SE,n,0.0,1,36.996
01211,SE,n,1.0,6,33.95683333333333
01211,SE,n,2.0,4,87.1645
01211,SE,n,3.0,2,84.4415
01211,SE,n,4.0,3,75.26733333333333
01211,SE,n,5.0,4,31.952
01211,SE,n,6.0,2,32.5255
01212,GT,n,0.0,19,154.3306315789474
01212,GT,n,1.0,5,27.2726
01212,GT,n,2.0,7,74.49614285714286
01212,GT,n,3.0,5,52.88340000000001
01212,GT,n,4.0,8,82.3945
01212,GT,n,5.0,8,81.656875
01212,GT,n,6.0,2,129.3295
01215,GT,n,0.0,1,598.925
01215,GT,n,1.0,3,139.82133333333334
01215,GT,n,3.0,1,106.425
01215,GT,n,4.0,2,482.48249999999996
01216,,n,1.0,1,30.503
01216,,n,3.0,1,117.633
01216,,n,5.0,2,82.2795
01217,GT,n,0.0,11,45.40745454545454
01217,GT,n,1.0,12,39.768750000000004
01217,GT,n,2.0,7,52.978571428571435
01217,GT,n,3.0,12,97.324
01217,GT,n,5.0,9,44.349666666666664
01217,GT,n,6.0,3,50.94933333333333
01218,GT,n,0.0,8,86.710875
01218,GT,n,1.0,7,60.01428571428572
01218,GT,n,2.0,3,66.04733333333333
01218,GT,n,3.0,5,45.4322
01218,GT,n,5.0,5,54.8428
01218,GT,n,6.0,2,43.188
01220,GT,n,0.0,1,432.144
01220,GT,n,3.0,3,707.645
01223,SE,n,0.0,3,1182.1296666666667
01223,SE,n,1.0,4,1245.15925
01223,SE,n,2.0,1,71.728
01223,SE,n,3.0,1,1399.377
01223,SE,n,4.0,1,400.778
01223,SE,n,5.0,1,195.199
01225,GT,n,0.0,1,80.123
01225,GT,n,2.0,2,23.468
01225,GT,n,4.0,2,83.8535
01231,GT,n,0.0,1,32.137
01231,GT,n,1.0,5,263.5096
01231,GT,n,2.0,4,29.51425
01231,GT,n,4.0,1,58.23
01231,GT,n,5.0,1,112.569
01231,GT,n,6.0,3,49.89533333333333
01248,GT,n,6.0,1,171.402
01249,GT,n,6.0,1,52.534
01250,GT,n,6.0,2,126.404
01251,GT,n,6.0,1,57.716
01263,GT,n,0.0,1,84.546
01263,GT,n,4.0,1,52.047
01264,SE,n,5.0,1,106.087
01267,GT,n,0.0,1,80.662
01269,SE,n,1.0,1,24.004
01269,SE,n,3.0,1,99.722
01270,SE,n,0.0,1,109.634
01271,GT,n,3.0,1,192.814
01271,GT,n,5.0,1,63.985
01271,GT,n,6.0,1,71.422
01272,,n,0.0,2,46.703
01272,,n,1.0,15,102.723
01272,,n,2.0,17,35.27029411764706
01272,,n,4.0,7,120.65485714285715
01272,,n,5.0,3,90.74266666666666
01272,,n,6.0,17,37.53094117647059
01273,SE,n,0.0,3,229.282
01273,SE,n,1.0,2,104.2865
01273,SE,n,3.0,1,16.007
01273,SE,n,4.0,2,98.201
01274,GT,n,0.0,3,59.80799999999999
01274,GT,n,1.0,3,296.57733333333334
01274,GT,n,2.0,4,318.40025
01274,GT,n,4.0,1,137.784
01274,GT,n,5.0,5,63.7328
01274,GT,n,6.0,7,83.57314285714287
01275,SE,n,1.0,1,53.407
01275,SE,n,4.0,2,65.4975
01276,SE,n,0.0,1,34.87
01276,SE,n,1.0,2,45.9835
01277,SE,n,0.0,7,162.57185714285714
01277,SE,n,1.0,6,325.0495
01277,SE,n,2.0,5,245.11620000000002
01277,SE,n,3.0,4,109.62875
01277,SE,n,4.0,1,121.859
01277,SE,n,5.0,3,131.46133333333333
01277,SE,n,6.0,5,325.7748
01278,SE,n,0.0,1,50.494
01278,SE,n,1.0,6,85.79783333333334
01278,SE,n,2.0,1,217.823
01278,SE,n,3.0,4,118.10475
01278,SE,n,4.0,1,38.453
01278,SE,n,5.0,1,24.349
01278,SE,n,6.0,5,63.123000000000005
01280,SE,n,0.0,7,412.54585714285713
01280,SE,n,1.0,9,121.7772222222222
01280,SE,n,2.0,8,70.942
01280,SE,n,3.0,6,143.85333333333332
01280,SE,n,4.0,1,625.6
01280,SE,n,5.0,9,95.58655555555555
01280,SE,n,6.0,12,77.03808333333333
01281,SE,n,0.0,4,156.78275
01281,SE,n,1.0,9,449.4528888888889
01281,SE,n,2.0,10,156.5831
01281,SE,n,3.0,8,219.484625
01281,SE,n,4.0,3,263.04699999999997
01281,SE,n,5.0,9,342.9561111111111
01281,SE,n,6.0,1,34.469
01282,SE,n,1.0,1,80.111
01282,SE,n,3.0,3,89.27166666666666
01283,SE,n,1.0,2,158.978
01283,SE,n,3.0,1,628.614
01284,SE,n,6.0,1,68.449
01285,SE,n,0.0,1,30.027
01285,SE,n,2.0,1,50.98
01285,SE,n,3.0,1,27.238
01285,SE,n,6.0,1,92.812
01286,SE,n,1.0,1,16.417
01286,SE,n,2.0,1,61.993
01286,SE,n,3.0,2,157.835
01286,SE,n,5.0,3,57.18233333333333
01286,SE,n,6.0,2,124.80499999999999
01287,SE,n,0.0,3,52.496
01287,SE,n,1.0,3,60.98
01287,SE,n,3.0,2,229.17399999999998
01287,SE,n,6.0,2,26.360500000000002
01288,SE,n,0.0,3,31.878666666666664
01288,SE,n,1.0,3,74.38866666666667
01288,SE,n,3.0,1,148.86
01288,SE,n,6.0,1,78.408
01289,SE,n,0.0,3,43.5
01289,SE,n,1.0,8,60.568
01289,SE,n,2.0,1,39.821
01289,SE,n,3.0,10,117.2148
01289,SE,n,5.0,4,27.235500000000002
01289,SE,n,6.0,5,60.111799999999995
01290,SE,n,0.0,6,417.32099999999997
01290,SE,n,1.0,10,153.3646
01290,SE,n,2.0,4,482.5215
01290,SE,n,3.0,7,255.1115714285714
01290,SE,n,4.0,2,108.26050000000001
01290,SE,n,5.0,5,88.04560000000001
01290,SE,n,6.0,7,116.18185714285714
01291,SE,n,0.0,1,16.993
01292,GT,n,1.0,1,67.973
01294,GT,n,2.0,1,21.423
01770,GT,1,3.0,1,26.887
01931,GT,1,0.0,4,47.04075
01931,GT,1,1.0,1,26.887
01931,GT,1,2.0,1,109.793
01931,GT,1,3.0,1,24.004
01931,GT,1,5.0,1,57.388
01931,GT,1,6.0,1,97.182
02071,GT,1,2.0,1,106.087
02396,SE,1,0.0,1,76.752
02396,SE,1,2.0,1,26.236
02396,SE,1,3.0,1,41.982
03451,SE,n,0.0,6,465.67199999999997
03451,SE,n,1.0,4,385.74025
03451,SE,n,2.0,5,212.58740000000003
03451,SE,n,3.0,3,455.6613333333333
03451,SE,n,5.0,4,257.35675000000003
03451,SE,n,6.0,6,293.2998333333333
03453,GT,n,2.0,1,131.335
03453,GT,n,4.0,1,38.583
03461,SE,n,0.0,1,161.322
03462,SE,n,0.0,3,58.83266666666666
03462,SE,n,1.0,4,80.713
03462,SE,n,2.0,1,13.774
03462,SE,n,3.0,2,18.454
03462,SE,n,5.0,3,30.503
03462,SE,n,6.0,10,42.7401
03470,GT,n,0.0,24,178.76325
03470,GT,n,1.0,28,166.60210714285716
03470,GT,n,2.0,23,191.08
03470,GT,n,3.0,22,237.20531818181817
03470,GT,n,4.0,9,119.10644444444443
03470,GT,n,5.0,24,256.68645833333335
03470,GT,n,6.0,12,224.87541666666667
03658,GT,A,0.0,3,24.372333333333334
03658,GT,A,5.0,9,53.626
03660,GT,A,0.0,9,43.51788888888889
03660,GT,A,2.0,2,25.741500000000002
03660,GT,A,3.0,1,25.247
03660,GT,A,4.0,4,73.22075
03660,GT,A,5.0,13,41.59615384615385
03661,GT,A,0.0,12,38.21458333333333
03661,GT,A,1.0,3,23.382
03661,GT,A,2.0,1,28.646
03661,GT,A,3.0,1,57.097
03661,GT,A,4.0,1,52.047
03661,GT,A,5.0,20,40.8514
03673,GT,A,0.0,7,52.51614285714286
03673,GT,A,1.0,11,32.96472727272727
03673,GT,A,2.0,3,40.74
03673,GT,A,3.0,11,62.05354545454545
03673,GT,A,4.0,1,55.775
03674,GT,A,0.0,1,18.257
03674,GT,A,3.0,3,236.88433333333333
03675,GT,A,1.0,1,74.149
03680,GT,A,0.0,3,71.52666666666666
03680,GT,A,1.0,1,110.284
03680,GT,A,5.0,1,42.213
03681,GT,A,0.0,1,26.49
03681,GT,A,2.0,1,62.802
03681,GT,A,4.0,3,36.961999999999996
03681,GT,A,5.0,1,19.617
03685,GT,A,1.0,1,78.408
03685,GT,A,2.0,1,16.022
03685,GT,A,5.0,1,34.608
03689,GT,A,4.0,1,2.557
03731,GT,n,0.0,2,343.3345
03731,GT,n,2.0,4,89.1225
03731,GT,n,3.0,5,115.56379999999999
03731,GT,n,5.0,2,392.31449999999995
03731,GT,n,6.0,1,54.242
03737,SE,n,0.0,5,47.6212
03737,SE,n,1.0,5,85.6774
03737,SE,n,2.0,1,34.608
03737,SE,n,3.0,5,651.3186
03737,SE,n,4.0,2,192.3305
03737,SE,n,5.0,5,48.831599999999995
03737,SE,n,6.0,12,68.19125
03741,GT,n,0.0,6,181.47133333333332
03741,GT,n,1.0,3,331.99533333333335
03741,GT,n,2.0,6,147.32616666666667
03741,GT,n,3.0,11,66.59545454545454
03741,GT,n,4.0,2,129.5465
03741,GT,n,5.0,11,66.77281818181818
03741,GT,n,6.0,2,166.0595
03750,GT,n,0.0,7,61.610571428571426
03750,GT,n,1.0,8,74.3055
03750,GT,n,2.0,9,66.98166666666667
03750,GT,n,3.0,6,104.84783333333333
03750,GT,n,4.0,3,163.99866666666668
03750,GT,n,5.0,11,49.831909090909086
03750,GT,n,6.0,7,49.218857142857146
03751,,n,1.0,2,99.64500000000001
03751,,n,2.0,1,34.469
03753,,n,4.0,3,250.56966666666665
03753,,n,5.0,1,112.569
03754,,n,0.0,1,79.351
03754,,n,3.0,1,160.148
03754,,n,4.0,2,38.3045
03754,,n,5.0,1,57.097
03756,,n,0.0,1,114.46
03756,,n,1.0,1,116.088
03756,,n,2.0,2,49.672
03756,,n,3.0,1,121.413
03756,,n,4.0,1,130.508
03756,,n,5.0,2,93.547
03756,,n,6.0,1,114.224
03758,SE,n,1.0,1,24.004
03758,SE,n,2.0,1,26.607
03759,SE,n,0.0,1,41.91
03759,SE,n,3.0,1,61.993
03792,GT,A,2.0,1,26.887
03793,GT,A,2.0,1,38.153
03793,GT,A,6.0,1,24.349
03809,GT,A,0.0,20,360.2804
03809,GT,A,1.0,11,539.7135454545455
03809,GT,A,2.0,16,596.3583125
03809,GT,A,3.0,3,820.1383333333333
03809,GT,A,4.0,3,880.864
03809,GT,A,5.0,6,824.493
03809,GT,A,6.0,6,288.4741666666667
03811,GT,A,0.0,7,53.98914285714285
03811,GT,A,2.0,7,63.662
03815,GT,A,2.0,1,48.698
03816,GT,A,0.0,1,22.838
03816,GT,A,1.0,1,34.011
03816,GT,A,4.0,3,53.16533333333333
03816,GT,A,5.0,1,19.617
03818,GT,A,0.0,4,37.1245
03818,GT,A,3.0,3,69.31133333333334
03818,GT,A,5.0,3,74.02633333333334
03819,GT,A,0.0,1,25.247
03819,GT,A,2.0,2,39.7445
03819,GT,A,3.0,10,49.855599999999995
03819,GT,A,5.0,17,87.788
04028,SE,1,0.0,1,232.991
04028,SE,1,1.0,3,273.7896666666667
04028,SE,1,2.0,3,146.007
04028,SE,1,5.0,1,343.101
04203,,n,0.0,1,38.453
04204,,n,3.0,1,489.348
04204,,n,5.0,1,67.863
04208,SE,n,2.0,1,27.034
04209,,n,0.0,1,71.728
04209,,n,1.0,1,71.728
04209,,n,2.0,1,21.423
04209,,n,3.0,1,22.218
04209,,n,4.0,1,76.752
04209,,n,6.0,1,15.304
04210,,n,1.0,1,96.049
04210,,n,2.0,1,117.029
04210,,n,3.0,1,33.865
04210,,n,4.0,1,139.037
04212,,n,1.0,2,141.1625
04212,,n,3.0,1,64.271
04212,,n,4.0,2,105.94099999999999
04212,,n,5.0,2,51.554500000000004
04212,,n,6.0,1,16.067
04218,,n,1.0,1,334.719
04218,,n,2.0,1,74.835
04218,,n,3.0,1,21.423
04222,SE,n,2.0,2,46.013000000000005
04222,SE,n,3.0,2,158.2985
04223,GT,n,0.0,1,54.411
04224,GT,n,0.0,3,51.94433333333333
04224,GT,n,1.0,2,26.8875
04224,GT,n,2.0,3,68.69333333333333
04224,GT,n,3.0,4,85.956
04224,GT,n,5.0,2,116.5545
04224,GT,n,6.0,1,25.092
04225,GT,n,4.0,2,65.1915
04257,GT,A,1.0,1,24.349
04257,GT,A,3.0,5,86.26820000000001
04257,GT,A,5.0,2,69.6425
04257,GT,A,6.0,1,30.503
04259,GT,A,1.0,2,181.77
04259,GT,A,2.0,7,40.60771428571429
04259,GT,A,4.0,7,101.43928571428572
04261,,A,3.0,1,41.917
04262,,A,0.0,1,162.908
04262,,A,1.0,23,58.034869565217384
04262,,A,2.0,2,20.341
04262,,A,4.0,1,38.375
04262,,A,6.0,3,21.95566666666667
04264,,A,0.0,1,22.401
04264,,A,2.0,10,39.5923
04264,,A,3.0,1,42.24
04264,,A,4.0,20,48.40435
04268,,A,0.0,1,50.494
04268,,A,5.0,2,16.8015
04272,,A,1.0,33,38.82457575757576
04272,,A,2.0,1,98.661
04272,,A,6.0,2,43.619
04273,SE,A,0.0,26,153.9506153846154
04273,SE,A,1.0,22,108.91818181818181
04273,SE,A,2.0,27,106.19537037037037
04273,SE,A,3.0,18,190.3223888888889
04273,SE,A,4.0,13,135.25346153846155
04273,SE,A,5.0,18,81.8565
04273,SE,A,6.0,3,75.80766666666666
04274,SE,A,1.0,1,79.33
04275,SE,A,2.0,2,92.166
04275,SE,A,4.0,5,76.5086
04275,SE,A,5.0,3,105.31933333333332
04354,SE,n,1.0,1,38.583
04354,SE,n,2.0,1,1392.12
04409,GT,1,0.0,10,209.6705
04409,GT,1,1.0,5,105.508
04409,GT,1,2.0,9,176.16266666666667
04409,GT,1,3.0,6,154.92183333333332
04409,GT,1,5.0,8,116.5035
04409,GT,1,6.0,6,209.70600000000002
04625,,1,0.0,2,200.40800000000002
04625,,1,1.0,3,734.3593333333333
04625,,1,2.0,2,287.67650000000003
04625,,1,3.0,2,419.9205
04625,,1,4.0,1,753.375
04625,,1,5.0,4,403.77775
04625,,1,6.0,3,417.9493333333333
04766,,A,0.0,1,248.152
04766,,A,4.0,1,474.825
04766,,A,5.0,1,420.209
04864,,A,0.0,4,46.59075
04864,,A,2.0,6,60.76666666666667
04864,,A,3.0,1,20.603
04864,,A,5.0,1,27.616
04865,,A,0.0,1,50.494
04865,,A,1.0,1,50.494
04865,,A,3.0,7,35.96814285714286
04865,,A,6.0,1,26.236
04866,,A,0.0,8,60.218125
04866,,A,1.0,4,57.67725
04866,,A,2.0,2,63.5575
04866,,A,3.0,15,69.52346666666668
04867,SE,A,2.0,1,28.054
04868,,A,0.0,20,57.3101
04868,,A,2.0,2,26.7475
04868,,A,4.0,1,35.098
04868,,A,5.0,13,40.02223076923077
04869,,A,0.0,5,34.836400000000005
04869,,A,1.0,34,70.00770588235295
04869,,A,2.0,2,54.195499999999996
04869,,A,6.0,11,39.11272727272728
04870,,A,0.0,3,48.43666666666667
04870,,A,5.0,2,113.126
04871,,A,5.0,1,45.678
04872,,A,3.0,1,29.853
04872,,A,5.0,1,62.802
04877,SE,A,0.0,2,60.7505
04877,SE,A,2.0,1,34.957
04877,SE,A,3.0,1,210.699
04877,SE,A,4.0,3,56.601
04877,SE,A,5.0,6,55.84733333333333
04877,SE,A,6.0,2,140.94400000000002
04878,,A,0.0,13,51.425615384615384
04878,,A,2.0,11,49.65063636363636
04878,,A,5.0,1,24.349
04879,GT,A,0.0,4,68.495
04879,GT,A,1.0,6,47.89033333333333
04879,GT,A,2.0,3,126.819
04879,GT,A,3.0,1,106.087
04879,GT,A,4.0,3,189.67466666666667
04879,GT,A,5.0,3,166.809
04879,GT,A,6.0,4,184.28825
04880,SE,A,0.0,5,158.53019999999998
04880,SE,A,1.0,4,423.89175
04880,SE,A,2.0,7,109.51985714285715
04880,SE,A,3.0,1,225.137
04880,SE,A,5.0,4,244.53925
04880,SE,A,6.0,2,493.34950000000003
04881,,A,1.0,4,127.00225
05245,,n,0.0,1,278.324
05245,,n,1.0,5,190.6362
05245,,n,2.0,13,189.5409230769231
05245,,n,3.0,5,162.0466
05245,,n,4.0,7,322.98485714285715
05245,,n,5.0,3,355.185
05245,,n,6.0,4,311.95950000000005
05246,,n,1.0,1,120.451
05246,,n,4.0,1,130.508
05247,,n,5.0,1,75.188
05248,,n,2.0,1,54.411
05249,,n,1.0,1,30.503
05249,,n,4.0,1,37.645
05252,,n,0.0,1,52.612
05252,,n,3.0,1,11.251
05254,,n,0.0,1,42.975
05254,,n,1.0,3,121.83533333333332
05254,,n,3.0,1,28.814
05254,,n,5.0,1,51.292
05255,,n,0.0,7,50.96728571428571
05255,,n,1.0,6,57.309333333333335
05255,,n,2.0,5,83.9324
05255,,n,3.0,4,76.6505
05255,,n,4.0,3,141.73166666666665
05255,,n,5.0,7,47.99185714285714
05256,,n,0.0,4,40.02525
05256,,n,1.0,5,46.865
05256,,n,2.0,4,96.3135
05256,,n,3.0,4,110.23125
05256,,n,4.0,5,107.02380000000001
05256,,n,5.0,7,64.20614285714285
05256,,n,6.0,1,137.597
05257,,n,0.0,3,89.12266666666666
05257,,n,1.0,1,114.184
05257,,n,2.0,1,216.084
05257,,n,3.0,1,227.826
05257,,n,4.0,1,28.054
05257,,n,5.0,1,403.538
05257,,n,6.0,1,294.796
05259,,n,0.0,2,66.92099999999999
05259,,n,5.0,2,57.089
05260,,n,3.0,1,75.188
05261,,n,1.0,2,61.5565
05261,,n,2.0,1,12.596
05261,,n,4.0,1,13.808
05261,,n,5.0,1,14.16
05261,,n,6.0,3,30.344333333333335
05262,,n,4.0,1,71.728
05263,,n,0.0,1,16.067
05263,,n,1.0,7,394.3658571428571
05263,,n,2.0,6,208.48816666666664
05263,,n,3.0,7,201.5995714285714
05263,,n,4.0,2,641.989
05263,,n,5.0,3,297.0296666666667
05263,,n,6.0,3,281.8
05264,,n,0.0,1,50.86
05264,,n,5.0,1,54.242
05265,,n,0.0,1,68.782
05266,,n,0.0,1,16.417
05267,,n,0.0,1,227.083
05267,,n,2.0,2,61.1105
05267,,n,3.0,1,12.364
05267,,n,5.0,1,62.632
05268,,n,0.0,1,34.469
05268,,n,2.0,2,17.767
05268,,n,3.0,1,26.781
05268,,n,4.0,1,22.787
05268,,n,6.0,1,44.781
05269,,n,4.0,1,15.014
05270,,n,0.0,1,103.862
05270,,n,1.0,7,138.005
05270,,n,2.0,7,201.27700000000002
05270,,n,3.0,2,613.666
05270,,n,4.0,4,104.4835
05270,,n,5.0,4,63.209999999999994
05270,,n,6.0,6,100.39716666666668
05273,,n,1.0,1,90.63
05274,,n,2.0,1,19.902
05274,,n,5.0,1,32.134
05334,SE,1,5.0,2,76.919
05334,SE,1,6.0,2,61.285
05397,SE,n,0.0,1,156.816
05401,SE,n,3.0,1,71.422
05402,SE,n,0.0,1,52.258
05402,SE,n,1.0,2,235.0105
05402,SE,n,3.0,3,56.359
05402,SE,n,4.0,1,137.402
05402,SE,n,5.0,4,226.39425
05402,SE,n,6.0,4,83.63625
05403,SE,n,0.0,2,63.4995
05403,SE,n,1.0,1,78.408
05403,SE,n,2.0,1,110.284
05403,SE,n,3.0,1,64.27
05403,SE,n,5.0,2,38.330999999999996
05404,SE,n,5.0,2,44.493
05406,SE,n,0.0,1,177.426
05406,SE,n,5.0,1,30.503
05407,,n,0.0,16,638.0641875
05407,,n,1.0,10,1021.2529000000001
05407,,n,2.0,8,798.376
05407,,n,3.0,13,752.268
05407,,n,4.0,11,856.3005454545455
05407,,n,5.0,5,782.1974
05407,,n,6.0,5,1205.8126
05412,SE,n,3.0,1,246.597
05414,GT,1,1.0,1,80.114
05416,GT,1,5.0,5,148.20080000000002
05419,GT,1,1.0,1,682.468
05486,,A,0.0,1,80.111
05486,,A,1.0,1,40.395
05486,,A,2.0,1,31.171
05486,,A,3.0,1,176.3
05487,,A,3.0,1,80.791
05489,,A,0.0,4,300.88225
05489,,A,1.0,6,225.90533333333335
05489,,A,2.0,1,542.473
05489,,A,3.0,13,298.39430769230773
05489,,A,4.0,1,94.394
05489,,A,5.0,2,673.6195
05490,SE,A,0.0,2,228.9215
05490,SE,A,1.0,1,270.954
05490,SE,A,2.0,2,354.405
05490,SE,A,3.0,2,55.155
05490,SE,A,4.0,1,283.181
05490,SE,A,5.0,8,180.438375
05490,SE,A,6.0,2,94.213
05491,,A,0.0,1,35.393
05491,,A,6.0,1,30.027
05492,,A,0.0,1,186.181
05492,,A,1.0,1,589.019
05492,,A,5.0,1,26.887
05492,,A,6.0,2,73.8005
05493,,A,0.0,1,40.395
05493,,A,1.0,3,61.753666666666675
05493,,A,2.0,3,89.66699999999999
05493,,A,3.0,3,91.731
05493,,A,4.0,1,38.153
05493,,A,5.0,1,152.614
05494,,A,0.0,19,122.11873684210525
05494,,A,2.0,1,662.26
05494,,A,4.0,2,85.788
05494,,A,5.0,7,84.17757142857143
05494,,A,6.0,1,100.988
05495,GT,A,0.0,23,99.95952173913044
05495,GT,A,1.0,23,124.02165217391304
05495,GT,A,2.0,20,77.52925
05495,GT,A,3.0,9,120.16366666666666
05495,GT,A,4.0,17,117.66670588235294
05495,GT,A,5.0,19,66.74647368421053
05495,GT,A,6.0,7,79.21342857142858
05496,GT,A,0.0,3,68.782
05496,GT,A,3.0,2,219.04199999999997
05496,GT,A,4.0,5,158.071
05497,GT,A,3.0,3,51.12266666666667
05498,GT,A,0.0,7,421.2714285714286
05498,GT,A,1.0,4,520.1965
05498,GT,A,2.0,10,472.698
05498,GT,A,3.0,2,242.4155
05498,GT,A,4.0,11,377.93527272727266
05498,GT,A,5.0,7,430.7714285714286
05499,SFAX,A,0.0,1,228.583
05499,SFAX,A,4.0,1,1283.11
05499,SFAX,A,6.0,1,351.681
05660,SE,1,0.0,3,443.96299999999997
05660,SE,1,1.0,6,543.8915000000001
05660,SE,1,2.0,4,369.74175
05660,SE,1,3.0,3,385.45233333333334
05660,SE,1,4.0,1,382.756
05660,SE,1,5.0,4,621.821
05660,SE,1,6.0,2,222.2235
05669,SE,1,0.0,9,184.189
05669,SE,1,1.0,5,124.38340000000001
05669,SE,1,2.0,6,193.004
05669,SE,1,3.0,5,405.3504
05669,SE,1,5.0,6,74.00316666666667
05669,SE,1,6.0,3,194.01633333333334
05674,SE,1,0.0,13,677.9437692307692
05674,SE,1,1.0,16,1545.4089375
05674,SE,1,2.0,17,1487.404705882353
05674,SE,1,3.0,7,1328.212
05674,SE,1,4.0,2,690.4555
05674,SE,1,5.0,12,990.0825
05674,SE,1,6.0,15,1169.74
05678,GT,1,1.0,1,130.508
05679,CAPBON,1,0.0,2,2154.276
05679,CAPBON,1,1.0,5,743.2552
05679,CAPBON,1,2.0,8,1680.2925
05679,CAPBON,1,3.0,1,38.453
05679,CAPBON,1,5.0,3,2074.394
05679,CAPBON,1,6.0,6,1321.9971666666668
05681,GT,1,1.0,1,55.389
05681,GT,1,2.0,1,2505.754
05681,GT,1,4.0,1,34.608
05683,SE,1,0.0,1,134.83
05683,SE,1,1.0,1,162.203
05683,SE,1,3.0,2,86.394
05683,SE,1,4.0,2,26.7335
05683,SE,1,5.0,1,90.773
05683,SE,1,6.0,1,275.178
05684,SE,1,0.0,1,110.18
05684,SE,1,1.0,4,435.11925
05684,SE,1,2.0,7,88.22714285714287
05684,SE,1,5.0,1,26.236
05684,SE,1,6.0,1,21.945
05685,SE,1,0.0,2,88.417
05685,SE,1,1.0,2,24.893
05685,SE,1,2.0,3,43.888
05685,SE,1,3.0,2,23.747
05685,SE,1,4.0,1,13.808
05685,SE,1,5.0,2,57.232
05685,SE,1,6.0,1,318.356
05786,NORD,A,3.0,2,27.459500000000002
05786,NORD,A,5.0,1,56.41
05787,GT,A,5.0,1,80.109
05788,NORD,A,0.0,1,44.501
05788,NORD,A,5.0,1,80.109
05789,GT,A,5.0,1,41.956
05790,NORD,A,3.0,1,38.779
05790,NORD,A,5.0,1,18.257
05791,GT,A,1.0,1,35.098
05791,GT,A,3.0,2,36.548
05791,GT,A,5.0,1,113.632
05791,GT,A,6.0,2,65.484
05792,NORD,A,1.0,1,40.426
05792,NORD,A,2.0,1,49.5
05792,NORD,A,5.0,1,168.844
05792,NORD,A,6.0,2,52.283500000000004
05793,GT,A,1.0,1,23.699
05795,GT,A,0.0,1,50.494
05795,GT,A,1.0,7,41.31057142857143
05795,GT,A,3.0,3,34.51466666666666
05796,GT,A,5.0,2,75.4455
05797,GT,A,0.0,6,36.99466666666667
05797,GT,A,1.0,1,26.236
05797,GT,A,2.0,7,99.77871428571429
05798,GT,A,0.0,3,31.02433333333333
05799,GT,A,0.0,1,48.17
05800,,A,3.0,2,38.466
05800,,A,6.0,1,16.022
05801,,A,1.0,1,89.274
05801,,A,3.0,5,55.6016
05802,,A,3.0,1,38.153
05803,GT,A,0.0,1,190.605
05803,GT,A,1.0,1,57.097
05803,GT,A,3.0,2,53.762
05803,GT,A,5.0,3,120.971
05803,GT,A,6.0,1,25.247
05804,GT,A,0.0,6,276.48066666666665
05804,GT,A,1.0,13,104.86723076923076
05804,GT,A,2.0,21,157.57647619047617
05804,GT,A,3.0,3,586.5903333333334
05804,GT,A,4.0,10,234.6263
05804,GT,A,5.0,1,88.172
05804,GT,A,6.0,1,817.062
05805,GT,A,0.0,7,124.918
05805,GT,A,4.0,2,99.1045
05805,GT,A,5.0,17,74.97282352941177
05806,GT,A,0.0,3,140.24966666666668
05806,GT,A,1.0,3,196.69133333333332
05806,GT,A,2.0,8,149.414375
05806,GT,A,3.0,5,136.59380000000002
05806,GT,A,4.0,6,139.62800000000001
05806,GT,A,5.0,5,300.104
05806,GT,A,6.0,4,76.35825
05808,GT,A,0.0,2,123.39150000000001
05808,GT,A,2.0,2,25.2925
05808,GT,A,5.0,5,35.219
05808,GT,A,6.0,3,76.15733333333334
05811,CAPBON,1,1.0,1,65.325
05812,GT,1,2.0,1,414.848
05814,GT,A,4.0,1,204.064
05814,GT,A,5.0,1,75.188
05815,GT,A,0.0,8,83.70775
05815,GT,A,1.0,2,237.0955
05815,GT,A,2.0,5,115.92420000000001
05815,GT,A,3.0,3,152.96833333333333
05815,GT,A,5.0,2,265.1015
05815,GT,A,6.0,2,30.328500000000002
05816,SE,1,0.0,1,78.408
05816,SE,1,1.0,1,33.986
05816,SE,1,2.0,1,50.98
05816,SE,1,3.0,1,187.282
05816,SE,1,5.0,3,98.03833333333334
05817,SE,1,5.0,1,127.223
05818,GT,1,0.0,2,1433.98
05818,GT,1,1.0,1,69.397
05818,GT,1,2.0,1,103.163
05818,GT,1,3.0,1,110.284
05818,GT,1,5.0,1,160.494
05820,GT,1,0.0,1,27.034
05820,GT,1,1.0,1,23.272
05820,GT,1,3.0,2,22.249000000000002
05820,GT,1,5.0,2,23.810499999999998
05822,GT,1,1.0,1,421.182
05822,GT,1,2.0,1,436.975
05822,GT,1,4.0,1,537.282
05822,GT,1,5.0,1,432.525
05822,GT,1,6.0,1,695.441
05823,GT,1,1.0,1,16.425
05825,GT,1,1.0,1,112.569
05826,SE,1,0.0,1,67.028
05826,SE,1,1.0,2,2110.1479999999997
05826,SE,1,2.0,1,54.242
05826,SE,1,3.0,2,7805.0915
05826,SE,1,6.0,3,85.91333333333334
05828,SE,1,5.0,2,88.394
05829,GT,1,2.0,1,555.0
05829,GT,1,3.0,1,26.887
05830,GT,1,0.0,3,61.40233333333333
05830,GT,1,1.0,3,97.92
05830,GT,1,3.0,3,80.10133333333333
05830,GT,1,5.0,1,26.512
05831,GT,1,0.0,1,68.449
05831,GT,1,1.0,2,29.2445
05831,GT,1,6.0,1,116.088
05832,GT,1,0.0,2,97.8695
05832,GT,1,1.0,1,9.183
05832,GT,1,5.0,2,39.717999999999996
05833,GT,1,5.0,1,62.742
05834,SE,1,0.0,4,167.31324999999998
05834,SE,1,2.0,1,896.551
05834,SE,1,3.0,3,292.5
05834,SE,1,5.0,2,183.65249999999997
05834,SE,1,6.0,1,187.373
05862,SE,1,0.0,5,410.58359999999993
05862,SE,1,1.0,1,20.222
05862,SE,1,3.0,4,326.413
05862,SE,1,5.0,6,675.7131666666667
05868,GT,1,2.0,2,46.9735
05868,GT,1,5.0,1,145.905
05868,GT,1,6.0,1,135.245
05893,GT,1,6.0,1,1727.17
05896,GT,1,1.0,1,1094.2
05897,GT,1,0.0,10,134.9514
05897,GT,1,1.0,6,99.1155
05897,GT,1,2.0,6,243.18233333333333
05897,GT,1,3.0,2,241.79500000000002
05897,GT,1,5.0,5,62.864999999999995
05897,GT,1,6.0,3,153.71066666666667
05898,SE,1,2.0,1,215.299
05898,SE,1,4.0,1,163.39
05898,SE,1,5.0,1,198.726
05899,GT,1,0.0,8,230.26175
05899,GT,1,1.0,11,40.642272727272726
05899,GT,1,2.0,6,176.11350000000002
05899,GT,1,3.0,16,148.9715625
05899,GT,1,4.0,1,647.79
05899,GT,1,5.0,12,42.71458333333334
05899,GT,1,6.0,5,171.1318
05900,SE,1,0.0,1,137.312
05900,SE,1,1.0,1,722.331
05900,SE,1,3.0,2,34.55
05901,GT,1,0.0,1,524.405
05902,GT,1,4.0,1,144.14
05903,GT,1,0.0,8,53.83775
05903,GT,1,1.0,5,48.8594
05903,GT,1,2.0,4,61.908249999999995
05903,GT,1,3.0,12,42.32075
05903,GT,1,4.0,1,68.782
05903,GT,1,5.0,8,48.682
05903,GT,1,6.0,6,73.16
05904,GT,1,1.0,1,83.737
05904,GT,1,2.0,1,1958.24
05904,GT,1,3.0,1,12.002
05905,GT,1,0.0,1,28.054
05905,GT,1,3.0,1,376.783
05905,GT,1,5.0,3,493.65899999999993
05957,SE,1,2.0,1,954.938
05958,SE,1,0.0,1,245.116
05958,SE,1,1.0,1,213.117
05958,SE,1,4.0,1,182.319
05959,SE,1,0.0,1,1617.966
05960,SE,1,0.0,1,157.952
05960,SE,1,3.0,1,844.821
05961,SE,1,1.0,1,1471.219
05961,SE,1,4.0,1,356.705
05962,SE,1,1.0,1,176.109
05963,SE,1,1.0,1,149.75
05964,SE,1,2.0,1,503.71
05965,SE,1,2.0,1,410.951
05966,SE,1,3.0,1,1086.777
05967,GT,1,0.0,5,502.51959999999997
05967,GT,1,1.0,5,1690.5852
05967,GT,1,2.0,7,872.9374285714285
05967,GT,1,3.0,2,687.568
05967,GT,1,4.0,3,1070.682
05967,GT,1,5.0,9,1018.0624444444444
05967,GT,1,6.0,3,631.4753333333333
05968,GT,1,1.0,1,386.776
05969,SE,1,0.0,1,220.568
05969,SE,1,1.0,1,2720.993
05969,SE,1,2.0,3,678.6293333333333
05969,SE,1,6.0,1,299.605
05982,GT,1,0.0,1,218.064
05985,GT,1,3.0,1,411.005
05986,GT,1,3.0,1,1357.507
05987,GT,1,1.0,1,2447.486
05987,GT,1,4.0,1,284.369
05987,GT,1,6.0,1,38.583
06005,GT,1,1.0,1,136.178
06005,GT,1,2.0,3,103.122
06018,SE,1,0.0,2,53.165
06018,SE,1,1.0,2,137.5115
06018,SE,1,2.0,5,91.7598
06018,SE,1,3.0,3,107.84766666666667
06018,SE,1,4.0,8,73.465125
06018,SE,1,5.0,3,68.363
06019,SE,1,0.0,2,168.6135
06019,SE,1,1.0,3,103.92066666666666
06019,SE,1,2.0,1,26.887
06019,SE,1,3.0,1,216.266
06019,SE,1,4.0,5,98.577
06019,SE,1,5.0,1,16.432
06019,SE,1,6.0,4,265.06350000000003
06020,SE,1,0.0,2,53.6825
06020,SE,1,1.0,3,169.455
06020,SE,1,2.0,4,82.32275
06020,SE,1,3.0,3,43.47733333333333
06020,SE,1,4.0,1,282.854
06020,SE,1,5.0,1,97.6
06021,SE,1,0.0,7,158.23685714285713
06021,SE,1,1.0,3,30.919333333333327
06021,SE,1,2.0,2,75.3635
06021,SE,1,3.0,2,13.435
06021,SE,1,4.0,5,41.123000000000005
06021,SE,1,5.0,3,146.826
06021,SE,1,6.0,8,109.840125
06022,SE,1,0.0,8,103.10875
06022,SE,1,1.0,1,694.411
06022,SE,1,2.0,6,127.19816666666667
06022,SE,1,3.0,4,193.06074999999998
06022,SE,1,4.0,2,263.49399999999997
06022,SE,1,5.0,2,245.615
06022,SE,1,6.0,4,165.83225
06023,SE,1,0.0,13,360.3181538461539
06023,SE,1,1.0,13,195.19015384615383
06023,SE,1,2.0,10,222.90839999999997
06023,SE,1,3.0,5,242.658
06023,SE,1,4.0,6,111.37650000000001
06023,SE,1,5.0,12,333.6031666666667
06023,SE,1,6.0,7,117.38457142857143
06025,SE,1,1.0,1,39.735
06025,SE,1,2.0,2,105.003
06025,SE,1,3.0,1,110.284
06025,SE,1,5.0,2,31.7695
06025,SE,1,6.0,2,104.893
06026,SE,1,0.0,1,12.624
06026,SE,1,1.0,1,71.422
06026,SE,1,2.0,1,9.128
06026,SE,1,3.0,5,86.248
06026,SE,1,4.0,1,270.65
06026,SE,1,5.0,1,239.342
06026,SE,1,6.0,1,25.194
06027,SE,1,0.0,3,74.35733333333333
06027,SE,1,2.0,1,170.031
06027,SE,1,3.0,1,122.012
06027,SE,1,5.0,1,34.957
06029,SE,1,2.0,3,51.99733333333334
06029,SE,1,3.0,1,27.616
06029,SE,1,4.0,1,325.399
06029,SE,1,5.0,2,261.004
06030,SE,1,3.0,1,30.503
06030,SE,1,5.0,4,153.6085
06031,SE,1,0.0,8,304.08225
06031,SE,1,1.0,3,145.21666666666667
06031,SE,1,2.0,4,209.872
06031,SE,1,3.0,3,414.67066666666665
06031,SE,1,4.0,5,134.571
06031,SE,1,5.0,6,179.04366666666667
06031,SE,1,6.0,6,105.93849999999999
06033,SE,1,0.0,4,92.547
06033,SE,1,1.0,3,155.69133333333335
06033,SE,1,2.0,4,285.47475
06033,SE,1,3.0,2,149.2685
06033,SE,1,4.0,2,366.231
06033,SE,1,5.0,4,393.54975
06033,SE,1,6.0,4,576.5505
06034,SE,1,0.0,2,132.5045
06034,SE,1,1.0,1,86.231
06034,SE,1,2.0,2,189.187
06034,SE,1,3.0,4,188.52525
06034,SE,1,5.0,3,80.31633333333333
06034,SE,1,6.0,4,129.571
06035,SE,1,0.0,2,91.21
06035,SE,1,1.0,1,69.232
06035,SE,1,2.0,4,73.259
06035,SE,1,3.0,2,67.112
06035,SE,1,5.0,1,142.187
06035,SE,1,6.0,2,215.506
06036,SE,1,0.0,2,71.119
06036,SE,1,1.0,2,266.9045
06036,SE,1,2.0,1,35.098
06036,SE,1,4.0,1,83.737
06036,SE,1,6.0,1,12.596
06037,GT,1,0.0,4,288.29499999999996
06037,GT,1,1.0,2,485.5765
06037,GT,1,2.0,1,488.449
06037,GT,1,3.0,2,512.7935
06037,GT,1,5.0,3,433.59
06042,SE,1,3.0,2,38.913500000000006
06042,SE,1,6.0,3,71.92566666666666
06043,SE,1,3.0,1,72.634
06043,SE,1,4.0,1,64.982
06043,SE,1,5.0,1,61.993
06044,GT,1,0.0,16,61.871875
06044,GT,1,1.0,7,87.92185714285714
06044,GT,1,2.0,10,71.7055
06044,GT,1,3.0,8,29.227125
06044,GT,1,4.0,4,88.54175000000001
06044,GT,1,5.0,7,230.99771428571427
06044,GT,1,6.0,10,102.43800000000002
06045,SE,1,0.0,2,367.62
06045,SE,1,1.0,2,172.46699999999998
06045,SE,1,2.0,4,139.683
06045,SE,1,3.0,6,121.33766666666666
06045,SE,1,4.0,1,239.076
06045,SE,1,5.0,6,181.98933333333332
06045,SE,1,6.0,2,72.469
06046,SE,1,0.0,1,51.737
06046,SE,1,3.0,1,115.338
06046,SE,1,4.0,1,23.837
06046,SE,1,5.0,1,26.236
06046,SE,1,6.0,1,191.389
06048,SE,1,0.0,2,146.453
06048,SE,1,4.0,2,66.325
06048,SE,1,5.0,5,40.8586
06049,SE,1,0.0,3,118.31666666666666
06049,SE,1,1.0,1,113.272
06049,SE,1,2.0,4,206.66
06049,SE,1,3.0,9,164.77133333333333
06049,SE,1,5.0,4,117.09325
06049,SE,1,6.0,2,118.1585
06050,SE,1,5.0,5,77.14500000000001
06051,SE,1,0.0,1,21.567
06051,SE,1,1.0,1,8.671
06051,SE,1,5.0,1,52.183
06051,SE,1,6.0,1,26.887
06052,SE,1,0.0,3,339.96566666666666
06052,SE,1,1.0,1,103.163
06052,SE,1,3.0,2,39.5505
06052,SE,1,5.0,1,47.135
06052,SE,1,6.0,2,256.22749999999996
06053,SE,1,0.0,7,56.18571428571429
06053,SE,1,3.0,2,32.3055
06053,SE,1,4.0,1,123.963
06053,SE,1,6.0,1,67.863
06054,SE,1,0.0,1,125.777
06054,SE,1,3.0,2,131.2575
06054,SE,1,4.0,1,51.442
06054,SE,1,5.0,1,52.442
06054,SE,1,6.0,3,82.017
06055,SE,1,0.0,2,172.6515
06055,SE,1,1.0,1,38.375
06055,SE,1,3.0,2,230.1985
06055,SE,1,5.0,2,292.291
06056,SE,1,0.0,2,83.816
06056,SE,1,1.0,1,215.874
06056,SE,1,3.0,1,152.744
06056,SE,1,4.0,1,44.501
06056,SE,1,5.0,3,22.326666666666664
06057,SE,1,1.0,3,81.56466666666667
06057,SE,1,2.0,1,12.364
06057,SE,1,4.0,1,220.568
06057,SE,1,5.0,1,28.935
06057,SE,1,6.0,1,16.067
06058,SE,1,5.0,2,161.212
06061,SE,1,0.0,2,165.048
06061,SE,1,1.0,1,39.804
06061,SE,1,5.0,3,178.85
06062,SE,1,0.0,1,229.224
06062,SE,1,1.0,1,274.277
06062,SE,1,3.0,2,73.295
06062,SE,1,4.0,1,52.953
06062,SE,1,6.0,1,40.551
06064,SE,1,1.0,1,106.087
06064,SE,1,2.0,1,54.003
06064,SE,1,3.0,3,57.56966666666667
06065,SE,1,0.0,3,34.74633333333333
06065,SE,1,1.0,4,66.667
06065,SE,1,2.0,4,103.452
06065,SE,1,3.0,1,33.132
06065,SE,1,5.0,2,66.9105
06065,SE,1,6.0,3,80.42833333333333
06067,SE,1,0.0,12,256.38708333333335
06067,SE,1,1.0,4,468.0645
06067,SE,1,2.0,5,381.2556
06067,SE,1,3.0,10,208.9146
06067,SE,1,5.0,10,239.32489999999999
06067,SE,1,6.0,8,281.983375
06175,GT,1,0.0,2,49.519
06175,GT,1,1.0,4,201.54175
06175,GT,1,5.0,1,71.422
06175,GT,1,6.0,1,26.236
06176,GT,1,5.0,1,1239.752
06177,CAPBON,1,6.0,1,47.309
06178,CAPBON,1,6.0,1,69.268
06179,GT,1,1.0,1,33.287
06180,GT,1,1.0,2,65.4735
06180,GT,1,2.0,3,152.99533333333332
06181,GT,1,1.0,2,64.67099999999999
06181,GT,1,2.0,2,484.021
06185,SE,1,0.0,1,251.265
06185,SE,1,1.0,1,1000.941
06185,SE,1,5.0,1,108.484
06187,GT,1,0.0,1,62.802
06188,GT,1,0.0,2,243.553
06188,GT,1,1.0,1,87.293
06188,GT,1,2.0,2,337.543
06188,GT,1,5.0,2,67.913
06188,GT,1,6.0,2,60.349999999999994
06189,SE,1,0.0,1,170.169
06189,SE,1,1.0,2,57.7555
06189,SE,1,2.0,4,61.612
06189,SE,1,3.0,1,57.097
06189,SE,1,5.0,1,38.583
06189,SE,1,6.0,4,230.65075
06190,GT,1,0.0,1,258.724
06191,GT,1,0.0,1,153.526
06192,NORD,1,0.0,2,527.0975
06192,NORD,1,5.0,1,12.002
06199,GT,1,5.0,2,110.5
06250,GT,A,0.0,7,103.04914285714287
06250,GT,A,1.0,9,163.1261111111111
06250,GT,A,2.0,4,176.3665
06250,GT,A,4.0,3,67.08133333333332
06250,GT,A,5.0,8,113.879625
06251,GT,A,1.0,1,545.56
06254,GT,A,5.0,2,67.6165
06254,GT,A,6.0,3,95.73266666666666
06255,GT,1,1.0,1,180.276
06256,CENTRE,A,0.0,1,58.945
06257,GT,A,0.0,1,94.773
06258,GT,A,5.0,3,34.257666666666665
06259,GT,A,0.0,1,2252.98
06260,SE,A,6.0,1,94.773
06261,GT,A,0.0,6,140.26033333333334
06261,GT,A,6.0,1,110.284
06262,GT,A,6.0,1,57.097
06263,GT,A,5.0,4,130.57
06263,GT,A,6.0,7,148.91857142857143
06264,GT,A,0.0,2,47.6515
06264,GT,A,1.0,1,30.503
06264,GT,A,5.0,1,50.494
06264,GT,A,6.0,1,88.172
06268,GT,A,1.0,1,116.088
06268,GT,A,3.0,1,50.494
06268,GT,A,4.0,3,89.45899999999999
06268,GT,A,5.0,4,42.4225
06269,GT,A,1.0,1,50.494
06270,GT,A,0.0,9,81.56577777777778
06270,GT,A,6.0,4,64.6835
06271,GT,A,0.0,1,51.166
06271,GT,A,1.0,1,173.086
06271,GT,A,4.0,1,23.188
06271,GT,A,5.0,8,50.579625
06271,GT,A,6.0,1,223.683
06272,GT,A,6.0,1,22.218
06273,GT,A,0.0,1,394.006
06273,GT,A,2.0,3,622.2779999999999
06273,GT,A,3.0,3,295.476
06273,GT,A,4.0,6,321.51533333333333
06273,GT,A,5.0,4,229.987
06273,GT,A,6.0,2,256.6395
06300,GT,1,0.0,3,889.1286666666666
06300,GT,1,3.0,1,103.318
06300,GT,1,5.0,1,176.355
06300,GT,1,6.0,1,1017.702
06304,SE,1,5.0,1,2235.082
06304,SE,1,6.0,1,34.699
06305,SE,1,1.0,3,1364.4786666666666
06305,SE,1,2.0,5,582.2138
06305,SE,1,3.0,2,1684.633
06305,SE,1,4.0,1,243.919
06305,SE,1,5.0,3,223.53
06305,SE,1,6.0,2,94.398
06306,SE,1,0.0,1,306.91
06306,SE,1,1.0,1,302.984
06306,SE,1,2.0,4,110.709
06306,SE,1,3.0,4,425.53374999999994
06306,SE,1,5.0,2,784.4965
06308,GT,1,0.0,2,242.4215
06308,GT,1,1.0,3,500.3723333333333
06308,GT,1,2.0,2,342.8025
06308,GT,1,5.0,1,284.76
06308,GT,1,6.0,1,655.709
06311,SE,1,3.0,2,144.381
06312,SE,1,0.0,5,71.8352
06312,SE,1,1.0,5,324.7654
06312,SE,1,2.0,2,110.284
06312,SE,1,5.0,10,94.02000000000001
06312,SE,1,6.0,1,203.096
06313,GT,1,5.0,1,588.499
06314,GT,1,0.0,1,23.188
06314,GT,1,3.0,2,315.9795
06314,GT,1,6.0,3,144.21766666666667
06315,SE,1,0.0,2,35.8205
06315,SE,1,1.0,2,49.210499999999996
06315,SE,1,4.0,1,56.114
06317,SE,1,1.0,2,83.6905
06317,SE,1,2.0,1,12.596
06317,SE,1,3.0,1,65.325
06317,SE,1,4.0,1,51.442
06317,SE,1,6.0,2,35.2
06318,SE,1,0.0,1,1885.534
06318,SE,1,1.0,2,1704.286
06318,SE,1,2.0,3,747.2356666666666
06318,SE,1,3.0,3,441.43966666666665
06319,GT,1,0.0,1,229.47
06319,GT,1,3.0,1,26.887
06350,GT,1,5.0,1,84.063
06368,SE,1,3.0,1,1200.261
06371,CAPBON,1,6.0,1,37.418
06372,CAPBON,1,6.0,1,54.411
06373,CAPBON,1,6.0,1,24.349
06374,GT,1,1.0,1,1186.291
06374,GT,1,2.0,1,367.996
06374,GT,1,3.0,1,647.357
06374,GT,1,5.0,1,89.514
06375,SE,1,0.0,1,309.932
06375,SE,1,1.0,3,517.6843333333333
06375,SE,1,2.0,2,252.02949999999998
06375,SE,1,4.0,1,48.591
06375,SE,1,5.0,2,1267.5405
06375,SE,1,6.0,2,1297.1915000000001
06376,GT,1,6.0,1,654.613
06379,GT,1,3.0,1,613.69
06380,GT,1,1.0,1,103.254
06385,CAPBON,1,6.0,1,56.535
06386,CAPBON,1,6.0,1,159.183
06391,SE,1,0.0,1,542.471
06391,SE,1,2.0,1,171.903
06391,SE,1,3.0,1,634.203
06392,GT,A,1.0,1,223.54
06392,GT,A,2.0,2,124.5305
06392,GT,A,4.0,1,158.114
06393,GRAND TUNIS,A,4.0,1,510.174
06394,GT,A,0.0,2,194.4225
06395,GT,A,5.0,1,425.163
06395,GT,A,6.0,1,45.454
06397,GT,A,1.0,1,116.088
06397,GT,A,5.0,1,117.448
06397,GT,A,6.0,3,145.35433333333333
06398,GT,1,0.0,3,416.6803333333334
06398,GT,1,1.0,7,417.2597142857143
06398,GT,1,2.0,3,122.49733333333332
06398,GT,1,3.0,1,195.975
06398,GT,1,5.0,1,92.812
06398,GT,1,6.0,1,91.423
06399,SE,1,0.0,1,262.427
06400,SE,1,0.0,2,22.5245
06400,SE,1,2.0,3,16.975666666666665
06400,SE,1,3.0,1,57.097
06400,SE,1,4.0,1,24.004
06400,SE,1,5.0,2,223.705
06400,SE,1,6.0,1,79.542
06701,GT,1,0.0,7,30.747857142857146
06701,GT,1,1.0,7,41.74342857142857
06701,GT,1,2.0,4,47.69375
06701,GT,1,3.0,5,23.7798
06701,GT,1,5.0,14,64.59035714285714
06701,GT,1,6.0,6,24.8
06702,GT,1,0.0,6,21.763666666666666
06702,GT,1,1.0,3,29.62633333333333
06702,GT,1,2.0,4,18.883
06702,GT,1,3.0,3,27.497666666666664
06702,GT,1,4.0,1,38.276
06702,GT,1,5.0,2,14.7015
06702,GT,1,6.0,6,34.61866666666666
06703,GT,1,0.0,5,29.8918
06703,GT,1,1.0,4,21.81825
06703,GT,1,2.0,6,18.741833333333332
06703,GT,1,3.0,1,57.348
06703,GT,1,4.0,1,39.233
06703,GT,1,5.0,6,25.8085
06703,GT,1,6.0,4,25.99875
06704,GT,1,0.0,5,26.968
06704,GT,1,1.0,1,11.251
06704,GT,1,2.0,5,38.404199999999996
06704,GT,1,3.0,4,33.65975
06704,GT,1,5.0,3,48.23266666666667
06704,GT,1,6.0,6,47.722833333333334
06705,GT,1,0.0,4,22.8075
06705,GT,1,1.0,2,29.14
06705,GT,1,2.0,4,33.566
06705,GT,1,3.0,3,56.29933333333333
06705,GT,1,5.0,6,15.721499999999999
06705,GT,1,6.0,4,47.33225
06706,GT,1,0.0,3,17.158666666666665
06706,GT,1,1.0,3,11.933333333333332
06706,GT,1,2.0,2,28.5095
06706,GT,1,3.0,4,13.3595
06706,GT,1,5.0,3,95.081
06706,GT,1,6.0,6,29.822666666666663
06707,GT,1,0.0,2,52.6795
06707,GT,1,1.0,5,28.336400000000005
06707,GT,1,2.0,1,9.051
06707,GT,1,3.0,2,38.811499999999995
06707,GT,1,4.0,1,23.188
06707,GT,1,6.0,2,21.4025
06708,GT,1,0.0,1,54.408
06708,GT,1,1.0,5,23.2274
06708,GT,1,5.0,1,9.051
06708,GT,1,6.0,3,62.32433333333333
06709,GT,1,0.0,7,31.041
06709,GT,1,1.0,2,28.445500000000003
06709,GT,1,2.0,4,49.517
06709,GT,1,3.0,5,25.2636
06709,GT,1,5.0,1,44.501
06709,GT,1,6.0,3,17.668
06710,GT,1,0.0,9,28.804222222222222
06710,GT,1,2.0,3,65.03366666666666
06710,GT,1,3.0,4,19.2305
06710,GT,1,5.0,4,31.157
06710,GT,1,6.0,5,21.085199999999997
06711,GT,1,0.0,3,26.82766666666667
06711,GT,1,1.0,6,31.526666666666667
06711,GT,1,2.0,2,22.139499999999998
06711,GT,1,5.0,4,22.863999999999997
06711,GT,1,6.0,1,37.676
06712,GT,1,0.0,3,43.51233333333334
06712,GT,1,1.0,4,71.766
06712,GT,1,2.0,1,13.501
06712,GT,1,3.0,1,37.418
06712,GT,1,5.0,4,27.3885
06712,GT,1,6.0,3,40.840666666666664
06713,GT,1,0.0,3,12.319666666666668
06713,GT,1,1.0,5,57.0472
06713,GT,1,2.0,6,31.887166666666662
06713,GT,1,3.0,3,30.079333333333334
06713,GT,1,5.0,7,48.461571428571425
06713,GT,1,6.0,3,44.49133333333333
06714,GT,1,0.0,6,34.70766666666666
06714,GT,1,2.0,3,40.756
06714,GT,1,3.0,2,18.372
06714,GT,1,5.0,1,36.996
06714,GT,1,6.0,5,27.1278
06715,GT,1,0.0,1,9.128
06715,GT,1,1.0,2,36.2005
06715,GT,1,2.0,2,20.266
06715,GT,1,3.0,1,67.731
06715,GT,1,5.0,4,19.21575
06715,GT,1,6.0,4,38.75425
06716,GT,1,0.0,3,29.339333333333332
06716,GT,1,1.0,4,65.67475
06716,GT,1,2.0,4,36.216499999999996
06716,GT,1,3.0,2,29.811
06716,GT,1,4.0,2,29.3515
06716,GT,1,5.0,4,32.11825
06716,GT,1,6.0,3,26.15833333333333
06717,GT,1,0.0,6,64.4725
06717,GT,1,1.0,2,32.3945
06717,GT,1,2.0,6,59.81166666666667
06717,GT,1,3.0,1,50.494
06717,GT,1,4.0,2,34.3095
06717,GT,1,5.0,1,116.088
06717,GT,1,6.0,3,55.00033333333334
06718,GT,1,0.0,1,24.004
06718,GT,1,3.0,4,58.757999999999996
06719,GT,1,0.0,6,15.113833333333332
06719,GT,1,1.0,2,21.4025
06719,GT,1,2.0,2,19.617
06719,GT,1,4.0,1,19.617
06719,GT,1,5.0,2,28.775499999999997
06719,GT,1,6.0,3,22.403333333333332
06720,GT,1,0.0,5,17.8596
06720,GT,1,1.0,3,36.48433333333333
06720,GT,1,2.0,2,16.559
06720,GT,1,4.0,1,39.233
06720,GT,1,5.0,2,12.324
06720,GT,1,6.0,3,20.12633333333333
06721,GT,1,0.0,3,27.902
06721,GT,1,1.0,6,38.51683333333333
06721,GT,1,2.0,5,38.718399999999995
06721,GT,1,5.0,2,39.7145
06721,GT,1,6.0,5,48.0284
06722,GT,1,0.0,6,32.580333333333336
06722,GT,1,1.0,3,19.337999999999997
06722,GT,1,2.0,5,25.584600000000002
06722,GT,1,3.0,1,77.165
06722,GT,1,5.0,2,26.58
06722,GT,1,6.0,5,54.271800000000006
06723,GT,1,1.0,2,31.229
06723,GT,1,2.0,1,9.128
06723,GT,1,3.0,1,8.671
06723,GT,1,5.0,1,9.128
06723,GT,1,6.0,1,20.275
06724,GT,1,1.0,5,34.9484
06724,GT,1,3.0,1,57.348
06724,GT,1,4.0,1,9.905
06724,GT,1,6.0,5,32.7174
06725,GT,1,0.0,3,40.577
06725,GT,1,1.0,5,146.2378
06725,GT,1,2.0,7,29.639142857142854
06725,GT,1,3.0,1,110.284
06725,GT,1,4.0,1,57.49
06725,GT,1,5.0,3,71.56233333333334
06725,GT,1,6.0,5,48.4878
06726,GT,1,0.0,4,35.369749999999996
06726,GT,1,1.0,5,31.4894
06726,GT,1,2.0,2,37.014
06726,GT,1,3.0,3,64.86033333333333
06726,GT,1,4.0,1,19.617
06726,GT,1,5.0,2,20.9735
06726,GT,1,6.0,4,35.71925
06727,GT,1,0.0,3,17.267
06727,GT,1,1.0,4,45.464999999999996
06727,GT,1,2.0,3,19.074333333333332
06727,GT,1,3.0,1,214.718
06727,GT,1,4.0,1,19.617
06727,GT,1,5.0,1,11.251
06727,GT,1,6.0,5,37.0388
06728,GT,1,0.0,2,17.2735
06728,GT,1,1.0,2,21.546999999999997
06728,GT,1,2.0,2,33.627
06728,GT,1,3.0,3,29.092333333333332
06728,GT,1,4.0,1,19.617
06728,GT,1,5.0,1,20.275
06728,GT,1,6.0,2,44.561
06729,GT,1,0.0,2,40.4825
06729,GT,1,1.0,2,16.8095
06729,GT,1,2.0,1,19.617
06729,GT,1,3.0,2,100.893
06729,GT,1,5.0,2,20.2855
06729,GT,1,6.0,2,26.6005
06730,GT,1,1.0,3,36.845666666666666
06730,GT,1,3.0,2,22.139499999999998
06730,GT,1,6.0,3,58.37133333333333
06731,GT,1,1.0,2,28.256
06731,GT,1,2.0,1,88.172
06731,GT,1,3.0,1,27.001
06731,GT,1,4.0,1,56.114
06732,GT,1,0.0,3,16.167333333333332
06732,GT,1,1.0,1,26.024
06732,GT,1,2.0,2,78.6685
06732,GT,1,3.0,1,46.462
06732,GT,1,6.0,1,9.905
06733,GT,1,1.0,1,19.906
06733,GT,1,2.0,1,27.001
06733,GT,1,6.0,1,27.001
06734,GT,1,0.0,1,106.801
06734,GT,1,1.0,1,20.214
06734,GT,1,2.0,1,61.0
06734,GT,1,4.0,1,23.188
06734,GT,1,6.0,1,20.275
06735,GT,1,0.0,2,19.962
06735,GT,1,1.0,1,60.64
06735,GT,1,2.0,1,27.616
06735,GT,1,3.0,3,42.239666666666665
06735,GT,1,5.0,2,51.2355
06735,GT,1,6.0,4,40.1555
06736,GT,1,0.0,2,33.792
06736,GT,1,1.0,2,36.595
06736,GT,1,2.0,1,42.987
06736,GT,1,5.0,1,19.617
06736,GT,1,6.0,3,53.614666666666665
06737,GT,1,0.0,1,13.34
06737,GT,1,1.0,2,44.8615
06737,GT,1,2.0,4,19.30375
06737,GT,1,5.0,3,19.785
06737,GT,1,6.0,3,33.639
06738,GT,1,0.0,3,53.82966666666667
06738,GT,1,1.0,2,36.333
06738,GT,1,2.0,2,41.176
06738,GT,1,5.0,2,12.804
06738,GT,1,6.0,2,41.965
06739,NORD,1,1.0,3,32.59466666666667
06740,GT,1,0.0,1,8.671
06740,GT,1,1.0,1,112.229
06740,GT,1,2.0,3,13.979999999999999
06740,GT,1,3.0,2,26.041999999999998
06740,GT,1,5.0,2,30.506
06740,GT,1,6.0,3,13.115
06741,GT,1,0.0,4,19.484499999999997
06741,GT,1,1.0,3,71.48866666666667
06741,GT,1,2.0,3,16.956666666666667
06741,GT,1,3.0,1,110.284
06741,GT,1,4.0,1,56.613
06741,GT,1,5.0,3,65.72866666666667
06741,GT,1,6.0,6,22.763499999999997
06742,GT,1,3.0,3,28.387666666666664
06743,NORD,1,1.0,1,43.017
06743,NORD,1,6.0,1,57.272
06744,NORD,1,1.0,1,74.849
06744,NORD,1,6.0,1,29.403
06745,NORD,1,1.0,2,38.1145
06745,NORD,1,6.0,1,44.279
06746,NORD,1,1.0,2,42.679
06746,NORD,1,6.0,1,9.128
06747,NORD,1,1.0,1,53.505
06747,NORD,1,6.0,1,40.551
06748,NORD,1,1.0,3,52.663333333333334
06748,NORD,1,5.0,1,437.724
06748,NORD,1,6.0,1,20.275
06749,GT,1,0.0,3,41.763
06749,GT,1,1.0,2,16.186
06749,GT,1,2.0,2,19.617
06749,GT,1,5.0,5,37.1052
06749,GT,1,6.0,5,24.049799999999998
06750,GT,1,0.0,4,43.84225
06750,GT,1,1.0,1,13.012
06750,GT,1,2.0,1,60.056
06750,GT,1,3.0,1,9.128
06750,GT,1,4.0,1,36.996
06750,GT,1,5.0,3,28.240333333333336
06750,GT,1,6.0,5,50.8624
06751,GT,1,0.0,2,64.8555
06751,GT,1,1.0,3,17.971333333333334
06751,GT,1,2.0,3,12.985333333333335
06751,GT,1,4.0,1,110.99
06751,GT,1,5.0,3,60.757000000000005
06751,GT,1,6.0,1,68.022
06752,GT,1,1.0,2,14.3725
06752,GT,1,3.0,1,20.275
06752,GT,1,5.0,1,20.275
06752,GT,1,6.0,1,27.001
06753,GT,1,1.0,2,16.9285
06753,GT,1,3.0,1,19.617
06753,GT,1,4.0,1,23.188
06753,GT,1,5.0,1,20.275
06753,GT,1,6.0,1,20.275
06754,GT,1,1.0,3,176.52366666666668
06754,GT,1,2.0,2,31.296
06754,GT,1,3.0,1,160.494
06754,GT,1,6.0,3,54.829
06755,GT,1,0.0,4,25.37425
06755,GT,1,1.0,2,27.959000000000003
06755,GT,1,2.0,3,37.492
06755,GT,1,3.0,1,20.275
06755,GT,1,4.0,1,44.885
06755,GT,1,5.0,2,28.973499999999998
06755,GT,1,6.0,2,19.037
06756,GT,1,1.0,3,27.523666666666667
06756,GT,1,2.0,2,8.044
06756,GT,1,3.0,1,25.247
06756,GT,1,6.0,1,13.012
06757,GT,1,0.0,4,43.63625
06757,GT,1,1.0,2,20.012999999999998
06757,GT,1,2.0,2,20.762
06757,GT,1,3.0,1,57.097
06757,GT,1,5.0,1,14.272
06757,GT,1,6.0,4,46.20475
06758,GT,1,0.0,3,25.716333333333335
06758,GT,1,1.0,1,9.678
06758,GT,1,2.0,3,26.619333333333334
06758,GT,1,3.0,2,53.714
06758,GT,1,5.0,3,37.702
06758,GT,1,6.0,4,18.5185
06759,GT,1,0.0,2,14.3085
06759,GT,1,1.0,3,26.915999999999997
06759,GT,1,2.0,5,25.250999999999998
06759,GT,1,5.0,4,25.48275
06759,GT,1,6.0,2,27.2865
06760,GT,1,1.0,3,23.31833333333333
06760,GT,1,2.0,1,20.275
06760,GT,1,6.0,2,14.7015
06761,GT,1,0.0,2,24.1665
06761,GT,1,1.0,5,28.5794
06761,GT,1,2.0,1,13.501
06761,GT,1,5.0,1,25.247
06761,GT,1,6.0,4,67.97449999999999
06762,GT,1,0.0,1,18.001
06762,GT,1,1.0,2,19.043
06762,GT,1,2.0,1,20.275
06762,GT,1,3.0,1,83.531
06762,GT,1,5.0,1,20.275
06762,GT,1,6.0,3,45.535
06763,GT,1,0.0,2,24.527
06763,GT,1,2.0,1,19.617
06763,GT,1,3.0,2,68.342
06763,GT,1,5.0,4,42.82
06763,GT,1,6.0,3,36.361333333333334
06764,GT,1,0.0,2,49.802499999999995
06764,GT,1,1.0,2,38.865
06764,GT,1,2.0,1,24.004
06764,GT,1,3.0,2,50.799
06764,GT,1,5.0,4,21.169249999999998
06764,GT,1,6.0,5,66.4668
06765,GT,1,2.0,2,14.334
06765,GT,1,3.0,3,25.825333333333333
06765,GT,1,5.0,2,32.899
06765,GT,1,6.0,4,37.8855
06766,GT,1,0.0,3,29.102
06766,GT,1,1.0,2,109.703
06766,GT,1,2.0,6,17.652666666666665
06766,GT,1,3.0,3,30.589333333333332
06766,GT,1,5.0,4,114.46125
06766,GT,1,6.0,4,31.994
06767,GT,1,0.0,4,20.797
06767,GT,1,1.0,2,21.444499999999998
06767,GT,1,3.0,3,24.503333333333334
06767,GT,1,4.0,2,33.009499999999996
06767,GT,1,5.0,3,20.654333333333334
06767,GT,1,6.0,6,28.697833333333335
06768,GT,1,0.0,4,21.70375
06768,GT,1,1.0,2,16.459
06768,GT,1,3.0,2,38.745
06768,GT,1,5.0,1,116.088
06768,GT,1,6.0,3,17.738333333333333
06769,GT,1,0.0,3,47.02133333333333
06769,GT,1,1.0,3,24.154
06769,GT,1,2.0,5,21.1102
06769,GT,1,5.0,1,28.935
06769,GT,1,6.0,2,19.733
06770,GT,1,1.0,5,15.3096
06770,GT,1,2.0,2,15.5175
06770,GT,1,6.0,2,41.5385
06771,GT,1,0.0,2,14.517
06771,GT,1,1.0,5,43.0344
06771,GT,1,2.0,1,25.247
06771,GT,1,4.0,1,58.85
06771,GT,1,5.0,2,18.993
06772,GT,1,0.0,5,57.164
06772,GT,1,1.0,3,45.46033333333333
06772,GT,1,2.0,4,39.491
06772,GT,1,3.0,3,44.523666666666664
06772,GT,1,5.0,2,29.240499999999997
06772,GT,1,6.0,2,12.804
06773,GT,1,0.0,3,37.89533333333333
06773,GT,1,1.0,4,19.85575
06773,GT,1,2.0,3,41.681999999999995
06773,GT,1,5.0,2,29.747
06773,GT,1,6.0,4,72.48225000000001
06774,GT,1,0.0,2,23.9455
06774,GT,1,1.0,2,42.191
06774,GT,1,2.0,2,51.715999999999994
06774,GT,1,3.0,1,37.418
06774,GT,1,4.0,3,28.06266666666667
06774,GT,1,5.0,3,37.595333333333336
06774,GT,1,6.0,2,53.932500000000005
06775,GT,1,0.0,4,22.11025
06775,GT,1,1.0,4,23.448
06775,GT,1,3.0,1,20.275
06775,GT,1,4.0,2,48.75
06775,GT,1,5.0,1,37.676
06775,GT,1,6.0,2,15.6265
06776,GT,1,0.0,6,22.159666666666666
06776,GT,1,1.0,2,14.517
06776,GT,1,3.0,4,15.086749999999999
06776,GT,1,5.0,2,20.275
06776,GT,1,6.0,2,19.945999999999998
06777,GT,1,0.0,3,28.949333333333332
06777,GT,1,2.0,2,19.945999999999998
06777,GT,1,3.0,4,18.914749999999998
06777,GT,1,5.0,6,29.543666666666667
06777,GT,1,6.0,4,17.444
06778,GT,1,0.0,2,16.314500000000002
06778,GT,1,1.0,2,33.615
06778,GT,1,2.0,4,39.501000000000005
06778,GT,1,3.0,2,84.649
06778,GT,1,4.0,1,89.745
06778,GT,1,5.0,1,28.935
06778,GT,1,6.0,3,51.028333333333336
06779,GT,1,0.0,6,211.337
06779,GT,1,1.0,4,192.668
06779,GT,1,2.0,4,68.0305
06779,GT,1,3.0,3,102.86733333333335
06779,GT,1,5.0,5,90.2758
06779,GT,1,6.0,4,89.782
06780,GT,1,0.0,2,16.314500000000002
06780,GT,1,1.0,1,32.243
06780,GT,1,2.0,1,37.676
06780,GT,1,3.0,3,42.76533333333333
06780,GT,1,5.0,3,24.14033333333333
06780,GT,1,6.0,4,47.45225
06783,CAPBON,1,6.0,1,40.551
06784,CAPBON,1,6.0,2,32.918
06785,CAPBON,1,6.0,1,80.783
06786,GT,1,0.0,1,20.275
06786,GT,1,1.0,1,29.035
06786,GT,1,3.0,1,110.284
06786,GT,1,5.0,3,29.339333333333332
06786,GT,1,6.0,4,35.9385
06787,GT,1,0.0,1,20.275
06787,GT,1,1.0,2,65.17999999999999
06787,GT,1,2.0,1,19.906
06787,GT,1,3.0,2,80.81
06787,GT,1,6.0,5,37.33579999999999
06788,GT,1,0.0,3,37.132666666666665
06788,GT,1,1.0,1,32.675
06788,GT,1,2.0,1,55.232
06788,GT,1,5.0,1,23.188
06788,GT,1,6.0,1,19.906
06789,GT,1,0.0,1,23.98
06789,GT,1,1.0,1,39.892
06795,GT,1,1.0,1,20.275
06796,GT,1,0.0,1,23.188
06796,GT,1,1.0,1,74.44
06797,GT,1,1.0,1,200.389
06798,GT,1,0.0,1,9.128
06798,GT,1,1.0,1,301.356
06799,GT,1,1.0,1,208.179
06800,GT,1,1.0,1,60.826
06801,GT,1,1.0,1,68.435
06808,GT,1,0.0,1,14.272
06808,GT,1,1.0,2,114.035
06808,GT,1,2.0,2,84.878
06808,GT,1,5.0,3,104.86033333333334
06808,GT,1,6.0,2,63.414
06809,GT,1,0.0,2,216.56799999999998
06809,GT,1,1.0,2,165.01049999999998
06809,GT,1,2.0,2,89.971
06809,GT,1,5.0,1,73.841
06809,GT,1,6.0,1,122.56
06810,GT,1,2.0,1,24.004
06810,GT,1,5.0,1,42.975
06810,GT,1,6.0,1,24.004
06811,GT,1,0.0,1,18.257
06811,GT,1,5.0,1,34.011
06811,GT,1,6.0,1,103.163
06812,GT,1,0.0,1,18.257
06812,GT,1,5.0,1,116.088
06812,GT,1,6.0,2,26.0285
06813,GT,1,0.0,1,21.907
06813,GT,1,3.0,1,116.088
06813,GT,1,5.0,1,52.047
06813,GT,1,6.0,2,56.102000000000004
06814,GT,1,5.0,1,67.028
06814,GT,1,6.0,2,36.3665
06815,GT,1,0.0,4,235.77775
06815,GT,1,1.0,1,1048.552
06815,GT,1,2.0,2,828.008
06815,GT,1,5.0,3,1202.787
06815,GT,1,6.0,2,1146.6455
06816,GT,1,0.0,1,21.907
06816,GT,1,1.0,1,110.284
06816,GT,1,2.0,4,55.30025
06817,GT,1,1.0,1,75.632
06817,GT,1,5.0,1,34.011
06818,GT,1,1.0,5,90.77360000000002
06819,GT,1,4.0,1,22.981
06819,GT,1,6.0,1,43.512
06820,GT,1,0.0,1,37.418
06820,GT,1,1.0,1,14.272
06820,GT,1,3.0,2,72.73349999999999
06821,GT,1,1.0,1,19.906
06821,GT,1,2.0,1,23.188
06821,GT,1,3.0,1,58.457
06821,GT,1,5.0,2,109.62549999999999
06821,GT,1,6.0,1,34.608
06822,GT,1,0.0,1,34.87
06822,GT,1,1.0,1,18.364
06822,GT,1,5.0,1,22.591
06822,GT,1,6.0,1,52.047
06823,GT,1,0.0,1,103.163
06823,GT,1,1.0,2,63.8845
06823,GT,1,6.0,1,85.951
06824,GT,1,1.0,2,50.7415
06824,GT,1,3.0,1,38.453
06824,GT,1,5.0,1,35.098
06824,GT,1,6.0,1,31.03
06825,GT,1,4.0,1,34.011
06826,GT,1,2.0,4,36.033
06826,GT,1,3.0,1,116.088
06826,GT,1,5.0,1,19.617
06826,GT,1,6.0,1,34.87
06827,GT,1,0.0,4,380.644
06827,GT,1,1.0,3,361.9286666666667
06827,GT,1,2.0,6,403.3025
06827,GT,1,3.0,1,287.284
06827,GT,1,5.0,2,508.4395
06827,GT,1,6.0,3,198.45166666666668
06828,GT,1,0.0,3,474.13433333333336
06828,GT,1,1.0,1,57.348
06828,GT,1,2.0,6,185.24333333333334
06828,GT,1,3.0,2,215.885
06828,GT,1,5.0,2,421.6865
06828,GT,1,6.0,3,70.61866666666667
06829,GT,1,0.0,1,35.546
06829,GT,1,1.0,1,54.411
06829,GT,1,2.0,1,85.951
06829,GT,1,4.0,1,18.636
06830,GT,1,1.0,1,55.389
06830,GT,1,2.0,4,50.4385
06830,GT,1,6.0,1,54.411
06831,GT,1,5.0,1,203.096
06831,GT,1,6.0,2,95.4825
06832,GT,1,0.0,1,226.371
06832,GT,1,2.0,1,307.13
06832,GT,1,3.0,1,67.863
06832,GT,1,4.0,1,298.815
06832,GT,1,6.0,1,37.676
06833,GT,1,1.0,2,13.109
06833,GT,1,4.0,2,41.926
06833,GT,1,5.0,2,21.8105
06833,GT,1,6.0,1,235.574
06834,GT,1,0.0,5,25.3872
06834,GT,1,1.0,3,49.440333333333335
06834,GT,1,5.0,1,54.411
06834,GT,1,6.0,4,55.04925
06835,NORD,1,1.0,1,262.083
06836,GT,1,2.0,2,45.5255
06836,GT,1,6.0,2,42.424
06837,GT,1,2.0,1,46.377
06838,GT,1,2.0,1,23.188
06839,GT,1,4.0,5,266.7254
06839,GT,1,5.0,5,276.6022
06840,GT,1,1.0,1,22.981
06840,GT,1,2.0,1,312.052
06840,GT,1,3.0,1,365.195
06840,GT,1,5.0,2,131.8555
06840,GT,1,6.0,1,365.406
06841,GT,1,2.0,3,100.175
06841,GT,1,3.0,2,130.95850000000002
06841,GT,1,4.0,1,44.891
06841,GT,1,5.0,1,32.213
06842,GT,1,2.0,1,18.257
06842,GT,1,5.0,1,37.25
06845,GT,1,2.0,1,332.872
06846,GT,1,0.0,1,55.602
06846,GT,1,2.0,1,110.284
06848,GT,1,0.0,1,116.088
06848,GT,1,2.0,1,204.064
06848,GT,1,3.0,1,61.884
06848,GT,1,4.0,1,44.501
06849,GT,1,1.0,1,18.636
06849,GT,1,2.0,2,79.559
06849,GT,1,5.0,1,54.242
06849,GT,1,6.0,1,103.163
06850,SE,1,0.0,2,442.499
06850,SE,1,1.0,1,67.325
06850,SE,1,2.0,1,583.18
06851,SE,1,2.0,1,61.732
06852,GT,1,0.0,1,435.29
06852,GT,1,1.0,1,237.971
06852,GT,1,2.0,1,277.29
06852,GT,1,6.0,1,532.326
06853,GT,1,1.0,2,108.40700000000001
06853,GT,1,4.0,1,255.558
06853,GT,1,5.0,1,97.656
06854,GT,1,0.0,1,114.696
06854,GT,1,4.0,1,54.242
06854,GT,1,6.0,1,250.549
06855,GT,1,5.0,1,87.293
06855,GT,1,6.0,1,262.703
06914,GT,1,6.0,1,323.268
06915,SE,1,5.0,1,78.584
06916,SE,1,0.0,1,654.637
06916,SE,1,1.0,3,548.952
06916,SE,1,2.0,1,603.493
06916,SE,1,5.0,2,1294.2365
06917,SE,1,1.0,2,1260.4585
06917,SE,1,3.0,1,385.231
06917,SE,1,4.0,1,1077.966
06917,SE,1,5.0,3,1441.2033333333331
06961,GT,1,0.0,3,75.88133333333333
06961,GT,1,1.0,1,363.325
06961,GT,1,2.0,3,79.75633333333333
06962,GT,1,1.0,1,79.292
06963,GT,1,0.0,4,2169.923
06963,GT,1,2.0,1,158.176
06963,GT,1,5.0,1,129.596
06973,GT,A,2.0,3,829.614
06987,GT,A,0.0,1,83.737
06987,GT,A,4.0,1,54.242
06987,GT,A,5.0,1,294.609
06987,GT,A,6.0,4,109.50049999999999
06988,GT,1,0.0,1,1788.657
06988,GT,1,2.0,1,248.237
06988,GT,1,5.0,1,1306.367
06988,GT,1,6.0,1,1303.893
06990,GT,1,1.0,1,51.442
06990,GT,1,2.0,1,24.621
06990,GT,1,4.0,2,384.7805
06990,GT,1,5.0,1,85.951
06991,GT,1,0.0,1,986.363
06991,GT,1,2.0,1,37.652
06991,GT,1,6.0,1,57.097
06992,SE,1,0.0,1,315.912
06992,SE,1,1.0,1,110.284
06992,SE,1,2.0,2,348.104
06992,SE,1,4.0,1,106.575
06993,GT,1,6.0,1,44.501
06994,GT,1,0.0,1,535.794
06994,GT,1,4.0,1,539.615
06995,SE,1,1.0,1,51.442
06996,SE,1,1.0,1,587.058
07010,GT,1,5.0,1,331.252
07010,GT,1,6.0,1,34.699
07011,GT,1,6.0,1,154.444
07013,GT,1,0.0,1,259.404
07014,GT,1,0.0,1,47.737
07015,GT,1,0.0,1,71.533
07016,GRAND TUNIS,1,2.0,1,1053.74
07095,SE,1,1.0,1,51.442
07095,SE,1,2.0,1,276.523
07095,SE,1,4.0,2,365.212
07096,SE,1,2.0,2,87.701
07097,GT,1,5.0,2,872.4095
07100,GT,1,1.0,1,266.02
07101,GT,1,0.0,2,142.856
07101,GT,1,6.0,1,451.826
07102,GT,1,6.0,3,1964.184
07103,GT,1,5.0,1,354.873
07843,GT,1,1.0,2,196.55849999999998
07843,GT,1,5.0,1,311.568
07843,GT,1,6.0,1,128.127
1210,GT,n,2.0,1,43.376
1210,GT,n,3.0,3,98.75966666666666
1210,GT,n,5.0,2,98.1305
33300000,GT,1,4.0,1,16.665
4372,GT,1,0.0,4,37.74525
4372,GT,1,6.0,1,10.8
4411,GT,1,2.0,1,62.802
4411,GT,1,4.0,1,62.25
4950,GT,1,2.0,2,43.587
4950,GT,1,4.0,1,48.0
6024,SE,1,0.0,7,177.76128571428575
6024,SE,1,1.0,5,239.692
6024,SE,1,2.0,10,292.38779999999997
6024,SE,1,3.0,9,154.76611111111112
6024,SE,1,4.0,1,271.276
6024,SE,1,5.0,8,208.91975
6024,SE,1,6.0,5,92.0258
6028,SE,1,1.0,1,479.271
6028,SE,1,2.0,2,151.76749999999998
6028,SE,1,3.0,3,144.12933333333334
6028,SE,1,4.0,3,215.62633333333335
6028,SE,1,5.0,1,67.656
6028,SE,1,6.0,1,26.887
6802,GT,1,0.0,1,9.128
6802,GT,1,1.0,1,84.665
C000,CAP BON,1,0.0,1,250.0
C000,CAP BON,1,1.0,2,750.5
C000,CAP BON,1,2.0,1,127.85
C000,CAP BON,1,3.0,8,1668.75
C000,CAP BON,1,4.0,1,180.0
C000,CAP BON,1,6.0,5,834.0
CL0,SE,A,2.0,1,242.886
CL00504,GT,A,2.0,1,120.0
CL00504,GT,A,3.0,2,159.612
CL00504,GT,A,5.0,2,301.7475
CL09873,GT,1,4.0,1,62.115
CL09874,GT,1,4.0,1,181.8
CL1,SE,A,2.0,1,280.141
CLMAG VL 130009876,GT,A+,1.0,1,450.0
CLMAG VL 140000011,GT,A+,2.0,1,75.75
CLMAG VL 140000011,GT,A+,4.0,2,641.79
CLMAG VL 140000011,GT,A+,5.0,1,642.79
CLMAG VL 140000012,CAPBON,A+,1.0,3,1069.1606666666667
CLMg1300508,CAPBON,A,2.0,4,433.57825
CLMg1300508,CAPBON,A,4.0,2,37.5
CLMg1300509,CAPBON,A,5.0,1,83.005
CLMg1300510,CAPBON,A,0.0,1,211.312
CLT00502,GT,A,2.0,3,26.713333333333335
CLT00503,GT,A,2.0,1,599.28
CLT00503,GT,A,3.0,1,278.76
CLT00503,GT,A,4.0,5,682.9262000000001
CLT00503,GT,A,5.0,1,105.0
CLT00504,GT,A,3.0,1,92.845
CLT00504,GT,A,6.0,2,124.59
MAG VL 1000492,SE,A,3.0,2,69.039
MAG VL 1000493,SE,A,5.0,2,82.671
MAG VL 1000495,SE,A,2.0,1,157.56
MAG VL 1000496,SE,A,5.0,1,77.13
MAG VL 1000497,SE,A,4.0,1,3.024
MAG VL 1000498,SE,A,5.0,1,378.0
MAG VL 2300340,SE,n,0.0,1,901.736
MAG VL 2300340,SE,n,2.0,1,720.278
MAG VL 2300340,SE,n,3.0,1,765.685
MAG VL 2300418,null,1,0.0,7,144.4072857142857
MAG VL 2300418,null,1,2.0,1,75.0
MAG VL 2300418,null,1,3.0,1,76.0
MAG VL 2300418,null,1,4.0,1,688.695
MAG VL 2300418,null,1,5.0,5,444.0
MAG VL 2300445,GRAND TUNIS,1,0.0,1,66.482
Mg13500rt,CENTRE,A,6.0,1,15.0
cl20230925044537MAG VL 1000,SE,A,2.0,2,42.777
cl20230925044537MAG VL 1000,SE,A,4.0,2,138.99450000000002
cl20230925044537MAG VL 1000,SE,A,5.0,2,141.0
cl20230925044537MAG VL 1000,SE,A,6.0,4,543.75
cl20230926033417MAG VL 1000,null,A,6.0,1,70.396
cl20230926115824MAG VL 1000,SE,A,4.0,3,33.96033333333333
cl20230926115824MAG VL 1000,SE,A,6.0,2,664.5
test25,CAPBON,null,3.0,1,1501.0
